DROP SCHEMA public CASCADE;
CREATE SCHEMA public;
create table contacts
(
	contact_email varchar(255) not null
		constraint contacts_pk
			primary key,
	contact_first_name varchar(255),
	contact_last_name varchar(500),
	contact_address varchar(700),
	contact_city varchar(255),
	contact_country varchar(255),
	contact_birthdate date
);

comment on table contacts is 'contains informations about contacts';



create table populations
(
	population_code varchar(10) not null,
	population_year integer not null,
	population_period varchar(10) not null,
	constraint populations_pk
		primary key (population_code, population_year, population_period)
);

comment on table populations is 'Different populations over time';

create table students
(
	student_epita_email varchar(255) not null
		constraint students_pk
			primary key,
	student_contact_ref varchar(255) not null
		constraint students_contacts_fk
			references contacts,
	student_enrollment_status varchar(50) not null,
	student_population_period_ref varchar(10) not null,
	student_population_year_ref integer not null,
	student_population_code_ref varchar(5) not null
);



create table teachers
(
	teacher_contact_ref text,
	teacher_epita_email text not null
		constraint teachers_pk
			primary key,
	teacher_study_level integer
);



create table courses
(
	course_code text not null,
	course_rev integer not null,
	duration integer,
	course_last_rev integer,
	course_name text,
	course_description text,
	constraint courses_pk
		primary key (course_code, course_rev)
);



create table exams
(
	exam_course_code text not null,
	exam_course_rev integer not null,
	exam_weight integer,
	exam_type text not null,
	constraint exams_pk
		primary key (exam_course_code, exam_course_rev, exam_type)
);


create table sessions
(
	session_course_ref text not null,
	session_course_rev_ref integer not null,
	session_prof_ref text,
	session_date date not null,
	session_start_time text not null,
	session_end_time text not null,
	session_type text,
	session_population_year integer,
	session_population_period text,
	session_room text,
	constraint sessions_pk
		primary key (session_course_ref, session_date, session_start_time, session_end_time)
);



create table attendance
(
	attendance_student_ref text,
	attendance_population_year_ref integer,
	attendance_course_ref text,
	attendance_course_rev integer,
	attendance_session_date_ref text,
	attendance_session_start_time text,
	attendance_session_end_time text,
	attendance_presence integer
);


create table programs
(
	program_course_code_ref text not null,
	program_course_rev_ref integer not null,
	program_assignment text not null,
	constraint programs_pk
		primary key (program_course_code_ref, program_course_rev_ref, program_assignment),
	constraint programs_courses_course_code_course_rev_fk
		foreign key (program_course_code_ref, program_course_rev_ref) references courses
);


create table grades
(
	grade_student_epita_email_ref text not null
		constraint grades_students_student_epita_email_fk
			references students,
	grade_course_code_ref text not null,
	grade_course_rev_ref integer not null,
	grade_exam_type_ref text not null,
	grade_score integer,
	constraint grades_pk
		primary key (grade_student_epita_email_ref, grade_course_rev_ref, grade_course_code_ref, grade_exam_type_ref)
);
--Contacts
insert into public.contacts (contact_email, contact_first_name, contact_last_name, contact_address, contact_city, contact_country, contact_birthdate)
values  ('jbutt@gmail.com', 'James', 'Butt', '6649 N Blue Gum St', 'New Orleans', 'USA', '1972-09-15'),
        ('josephine_darakjy@darakjy.org', 'Josephine', 'Darakjy', '4 B Blue Ridge Blvd', 'Brighton', 'USA', '1978-03-12'),
        ('art@venere.org', 'Art', 'Venere', '8 W Cerritos Ave #54', 'Bridgeport', 'USA', '1977-12-26'),
        ('lpaprocki@hotmail.com', 'Lenna', 'Paprocki', '639 Main St', 'Anchorage', 'USA', '1981-02-19'),
        ('donette.foller@cox.net', 'Donette', 'Foller', '34 Center St', 'Hamilton', 'USA', '1984-04-21'),
        ('simona@morasca.com', 'Simona', 'Morasca', '3 Mcauley Dr', 'Ashland', 'USA', '1996-09-03'),
        ('mitsue_tollner@yahoo.com', 'Mitsue', 'Tollner', '7 Eads St', 'Chicago', 'USA', '1983-05-03'),
        ('leota@hotmail.com', 'Leota', 'Dilliard', '7 W Jackson Blvd', 'San Jose', 'USA', '1993-03-13'),
        ('sage_wieser@cox.net', 'Sage', 'Wieser', '5 Boston Ave #88', 'Sioux Falls', 'USA', '1990-04-25'),
        ('kris@gmail.com', 'Kris', 'Marrier', '228 Runamuck Pl #2808', 'Baltimore', 'USA', '1993-02-08'),
        ('minna_amigon@yahoo.com', 'Minna', 'Amigon', '2371 Jerrold Ave', 'Kulpsville', 'USA', '1990-12-12'),
        ('amaclead@gmail.com', 'Abel', 'Maclead', '37275 St  Rt 17m M', 'Middle Island', 'USA', '1980-01-01'),
        ('kiley.caldarera@aol.com', 'Kiley', 'Caldarera', '25 E 75th St #69', 'Los Angeles', 'USA', '1987-09-24'),
        ('gruta@cox.net', 'Graciela', 'Ruta', '98 Connecticut Ave Nw', 'Chagrin Falls', 'USA', '1978-10-02'),
        ('calbares@gmail.com', 'Cammy', 'Albares', '56 E Morehead St', 'Laredo', 'USA', '1993-07-26'),
        ('mattie@aol.com', 'Mattie', 'Poquette', '73 State Road 434 E', 'Phoenix', 'USA', '1972-06-30'),
        ('meaghan@hotmail.com', 'Meaghan', 'Garufi', '69734 E Carrillo St', 'Mc Minnville', 'USA', '1982-12-17'),
        ('gladys.rim@rim.org', 'Gladys', 'Rim', '322 New Horizon Blvd', 'Milwaukee', 'USA', '1991-09-16'),
        ('yuki_whobrey@aol.com', 'Yuki', 'Whobrey', '1 State Route 27', 'Taylor', 'USA', '1990-06-30'),
        ('fletcher.flosi@yahoo.com', 'Fletcher', 'Flosi', '394 Manchester Blvd', 'Rockford', 'USA', '1972-04-27'),
        ('bette_nicka@cox.net', 'Bette', 'Nicka', '6 S 33rd St', 'Aston', 'USA', '1992-05-24'),
        ('vinouye@aol.com', 'Veronika', 'Inouye', '6 Greenleaf Ave', 'San Jose', 'USA', '1993-01-19'),
        ('willard@hotmail.com', 'Willard', 'Kolmetz', '618 W Yakima Ave', 'Irving', 'USA', '1977-02-06'),
        ('mroyster@royster.com', 'Maryann', 'Royster', '74 S Westgate St', 'Albany', 'USA', '1989-10-03'),
        ('alisha@slusarski.com', 'Alisha', 'Slusarski', '3273 State St', 'Middlesex', 'USA', '1983-09-05'),
        ('allene_iturbide@cox.net', 'Allene', 'Iturbide', '1 Central Ave', 'Stevens Point', 'USA', '1975-01-08'),
        ('chanel.caudy@caudy.org', 'Chanel', 'Caudy', '86 Nw 66th St #8673', 'Shawnee', 'USA', '1982-08-16'),
        ('ezekiel@chui.com', 'Ezekiel', 'Chui', '2 Cedar Ave #84', 'Easton', 'USA', '1982-05-23'),
        ('wkusko@yahoo.com', 'Willow', 'Kusko', '90991 Thorburn Ave', 'New York', 'USA', '1974-05-04'),
        ('bfigeroa@aol.com', 'Bernardo', 'Figeroa', '386 9th Ave N', 'Conroe', 'USA', '1993-08-05'),
        ('ammie@corrio.com', 'Ammie', 'Corrio', '74874 Atlantic Ave', 'Columbus', 'USA', '1988-04-11'),
        ('francine_vocelka@vocelka.com', 'Francine', 'Vocelka', '366 South Dr', 'Las Cruces', 'USA', '1995-11-15'),
        ('ernie_stenseth@aol.com', 'Ernie', 'Stenseth', '45 E Liberty St', 'Ridgefield Park', 'USA', '1986-09-16'),
        ('albina@glick.com', 'Albina', 'Glick', '4 Ralph Ct', 'Dunellen', 'USA', '1991-05-15'),
        ('asergi@gmail.com', 'Alishia', 'Sergi', '2742 Distribution Way', 'New York', 'USA', '1982-09-08'),
        ('solange@shinko.com', 'Solange', 'Shinko', '426 Wolf St', 'Metairie', 'USA', '1991-05-17'),
        ('jose@yahoo.com', 'Jose', 'Stockham', '128 Bransten Rd', 'New York', 'USA', '1979-02-08'),
        ('rozella.ostrosky@ostrosky.com', 'Rozella', 'Ostrosky', '17 Morena Blvd', 'Camarillo', 'USA', '1990-02-22'),
        ('valentine_gillian@gmail.com', 'Valentine', 'Gillian', '775 W 17th St', 'San Antonio', 'USA', '1981-01-12'),
        ('kati.rulapaugh@hotmail.com', 'Kati', 'Rulapaugh', '6980 Dorsett Rd', 'Abilene', 'USA', '1989-04-26'),
        ('youlanda@aol.com', 'Youlanda', 'Schemmer', '2881 Lewis Rd', 'Prineville', 'USA', '1976-10-22'),
        ('doldroyd@aol.com', 'Dyan', 'Oldroyd', '7219 Woodfield Rd', 'Overland Park', 'USA', '1976-05-14'),
        ('roxane@hotmail.com', 'Roxane', 'Campain', '1048 Main St', 'Fairbanks', 'USA', '1974-12-06'),
        ('lperin@perin.org', 'Lavera', 'Perin', '678 3rd Ave', 'Miami', 'USA', '1986-05-21'),
        ('erick.ferencz@aol.com', 'Erick', 'Ferencz', '20 S Babcock St', 'Fairbanks', 'USA', '1984-11-11'),
        ('fsaylors@saylors.org', 'Fatima', 'Saylors', '2 Lighthouse Ave', 'Hopkins', 'USA', '1973-02-12'),
        ('jina_briddick@briddick.com', 'Jina', 'Briddick', '38938 Park Blvd', 'Boston', 'USA', '1987-01-13'),
        ('kanisha_waycott@yahoo.com', 'Kanisha', 'Waycott', '5 Tomahawk Dr', 'Los Angeles', 'USA', '1992-10-12'),
        ('emerson.bowley@bowley.org', 'Emerson', 'Bowley', '762 S Main St', 'Madison', 'USA', '1986-10-24'),
        ('bmalet@yahoo.com', 'Blair', 'Malet', '209 Decker Dr', 'Philadelphia', 'USA', '1983-11-24'),
        ('bbolognia@yahoo.com', 'Brock', 'Bolognia', '4486 W O St #1', 'New York', 'USA', '1979-12-31'),
        ('lnestle@hotmail.com', 'Lorrie', 'Nestle', '39 S 7th St', 'Tullahoma', 'USA', '1970-08-04'),
        ('sabra@uyetake.org', 'Sabra', 'Uyetake', '98839 Hawthorne Blvd #6101', 'Columbia', 'USA', '1976-05-22'),
        ('mmastella@mastella.com', 'Marjory', 'Mastella', '71 San Mateo Ave', 'Wayne', 'USA', '1993-07-30'),
        ('karl_klonowski@yahoo.com', 'Karl', 'Klonowski', '76 Brooks St #9', 'Flemington', 'USA', '1973-10-05'),
        ('twenner@aol.com', 'Tonette', 'Wenner', '4545 Courthouse Rd', 'Westbury', 'USA', '1984-09-24'),
        ('amber_monarrez@monarrez.org', 'Amber', 'Monarrez', '14288 Foster Ave #4121', 'Jenkintown', 'USA', '1970-09-14'),
        ('shenika@gmail.com', 'Shenika', 'Seewald', '4 Otis St', 'Van Nuys', 'USA', '1974-04-01'),
        ('delmy.ahle@hotmail.com', 'Delmy', 'Ahle', '65895 S 16th St', 'Providence', 'USA', '1997-07-01'),
        ('deeanna_juhas@gmail.com', 'Deeanna', 'Juhas', '14302 Pennsylvania Ave', 'Huntingdon Valley', 'USA', '1973-08-07'),
        ('bpugh@aol.com', 'Blondell', 'Pugh', '201 Hawk Ct', 'Providence', 'USA', '1987-03-17'),
        ('jamal@vanausdal.org', 'Jamal', 'Vanausdal', '53075 Sw 152nd Ter #615', 'Monroe Township', 'USA', '1998-11-04'),
        ('cecily@hollack.org', 'Cecily', 'Hollack', '59 N Groesbeck Hwy', 'Austin', 'USA', '1997-04-19'),
        ('carmelina_lindall@lindall.com', 'Carmelina', 'Lindall', '2664 Lewis Rd', 'Littleton', 'USA', '1985-12-16'),
        ('maurine_yglesias@yglesias.com', 'Maurine', 'Yglesias', '59 Shady Ln #53', 'Milwaukee', 'USA', '1983-08-02'),
        ('tawna@gmail.com', 'Tawna', 'Buvens', '3305 Nabell Ave #679', 'New York', 'USA', '1996-10-28'),
        ('penney_weight@aol.com', 'Penney', 'Weight', '18 Fountain St', 'Anchorage', 'USA', '1971-05-07'),
        ('elly_morocco@gmail.com', 'Elly', 'Morocco', '7 W 32nd St', 'Erie', 'USA', '1979-11-28'),
        ('ilene.eroman@hotmail.com', 'Ilene', 'Eroman', '2853 S Central Expy', 'Glen Burnie', 'USA', '1983-04-09'),
        ('vmondella@mondella.com', 'Vallie', 'Mondella', '74 W College St', 'Boise', 'USA', '1973-10-25'),
        ('kallie.blackwood@gmail.com', 'Kallie', 'Blackwood', '701 S Harrison Rd', 'San Francisco', 'USA', '1984-03-16'),
        ('johnetta_abdallah@aol.com', 'Johnetta', 'Abdallah', '1088 Pinehurst St', 'Chapel Hill', 'USA', '1977-08-26'),
        ('brhym@rhym.com', 'Bobbye', 'Rhym', '30 W 80th St #1995', 'San Carlos', 'USA', '1971-03-12'),
        ('micaela_rhymes@gmail.com', 'Micaela', 'Rhymes', '20932 Hedley St', 'Concord', 'USA', '1980-02-14'),
        ('tamar@hotmail.com', 'Tamar', 'Hoogland', '2737 Pistorio Rd #9230', 'London', 'USA', '1996-04-30'),
        ('moon@yahoo.com', 'Moon', 'Parlato', '74989 Brandon St', 'Wellsville', 'USA', '1987-03-22'),
        ('laurel_reitler@reitler.com', 'Laurel', 'Reitler', '6 Kains Ave', 'Baltimore', 'USA', '1996-09-13'),
        ('delisa.crupi@crupi.com', 'Delisa', 'Crupi', '47565 W Grand Ave', 'Newark', 'USA', '1982-10-16'),
        ('viva.toelkes@gmail.com', 'Viva', 'Toelkes', '4284 Dorigo Ln', 'Chicago', 'USA', '1990-07-07'),
        ('elza@yahoo.com', 'Elza', 'Lipke', '6794 Lake Dr E', 'Newark', 'USA', '1989-05-26'),
        ('devorah@hotmail.com', 'Devorah', 'Chickering', '31 Douglas Blvd #950', 'Clovis', 'USA', '1979-12-17'),
        ('timothy_mulqueen@mulqueen.org', 'Timothy', 'Mulqueen', '44 W 4th St', 'Staten Island', 'USA', '1987-05-16'),
        ('ahoneywell@honeywell.com', 'Arlette', 'Honeywell', '11279 Loytan St', 'Jacksonville', 'USA', '1977-05-06'),
        ('dominque.dickerson@dickerson.org', 'Dominque', 'Dickerson', '69 Marquette Ave', 'Hayward', 'USA', '1993-09-07'),
        ('lettie_isenhower@yahoo.com', 'Lettie', 'Isenhower', '70 W Main St', 'Beachwood', 'USA', '1995-11-05'),
        ('mmunns@cox.net', 'Myra', 'Munns', '461 Prospect Pl #316', 'Euless', 'USA', '1986-12-06'),
        ('stephaine@barfield.com', 'Stephaine', 'Barfield', '47154 Whipple Ave Nw', 'Gardena', 'USA', '1974-11-20'),
        ('lai.gato@gato.org', 'Lai', 'Gato', '37 Alabama Ave', 'Evanston', 'USA', '1986-09-01'),
        ('stephen_emigh@hotmail.com', 'Stephen', 'Emigh', '3777 E Richmond St #900', 'Akron', 'USA', '1980-09-05'),
        ('tshields@gmail.com', 'Tyra', 'Shields', '3 Fort Worth Ave', 'Philadelphia', 'USA', '1984-04-08'),
        ('twardrip@cox.net', 'Tammara', 'Wardrip', '4800 Black Horse Pike', 'Burlingame', 'USA', '1978-03-11'),
        ('cory.gibes@gmail.com', 'Cory', 'Gibes', '83649 W Belmont Ave', 'San Gabriel', 'USA', '1978-03-08'),
        ('danica_bruschke@gmail.com', 'Danica', 'Bruschke', '840 15th Ave', 'Waco', 'USA', '1984-03-17'),
        ('wilda@cox.net', 'Wilda', 'Giguere', '1747 Calle Amanecer #2', 'Anchorage', 'USA', '1984-10-28'),
        ('elvera.benimadho@cox.net', 'Elvera', 'Benimadho', '99385 Charity St #840', 'San Jose', 'USA', '1972-08-03'),
        ('carma@cox.net', 'Carma', 'Vanheusen', '68556 Central Hwy', 'San Leandro', 'USA', '1981-09-15'),
        ('malinda.hochard@yahoo.com', 'Malinda', 'Hochard', '55 Riverside Ave', 'Indianapolis', 'USA', '1988-07-10'),
        ('natalie.fern@hotmail.com', 'Natalie', 'Fern', '7140 University Ave', 'Rock Springs', 'USA', '1987-11-09'),
        ('lisha@centini.org', 'Lisha', 'Centini', '64 5th Ave #1153', 'Mc Lean', 'USA', '1980-03-02');

-- Students
insert into public.students (student_epita_email, student_contact_ref, student_enrollment_status, student_population_period_ref, student_population_year_ref, student_population_code_ref)
values  ('jamal.vanausdal@epita.fr', 'jamal@vanausdal.org', 'confirmed', 'SPRING', 2021, 'ISM'),
        ('delmy.ahle@epita.fr', 'delmy.ahle@hotmail.com', 'completed', 'SPRING', 2021, 'CS'),
        ('cecily.hollack@epita.fr', 'cecily@hollack.org', 'selected', 'FALL', 2020, 'DSA'),
        ('tawna.buvens@epita.fr', 'tawna@gmail.com', 'completed', 'SPRING', 2021, 'ISM'),
        ('laurel.reitler@epita.fr', 'laurel_reitler@reitler.com', 'completed', 'FALL', 2020, 'DSA'),
        ('simona.morasca@epita.fr', 'simona@morasca.com', 'completed', 'SPRING', 2021, 'SE'),
        ('tamar.hoogland@epita.fr', 'tamar@hotmail.com', 'completed', 'FALL', 2020, 'DSA'),
        ('francine.vocelka@epita.fr', 'francine_vocelka@vocelka.com', 'completed', 'SPRING', 2021, 'DSA'),
        ('lettie.isenhower@epita.fr', 'lettie_isenhower@yahoo.com', 'completed', 'FALL', 2020, 'DSA'),
        ('dominque.dickerson@epita.fr', 'dominque.dickerson@dickerson.org', 'completed', 'SPRING', 2021, 'AIs'),
        ('bernardo.figeroa@epita.fr', 'bfigeroa@aol.com', 'completed', 'FALL', 2020, 'CS'),
        ('marjory.mastella@epita.fr', 'mmastella@mastella.com', 'completed', 'FALL', 2020, 'SE'),
        ('cammy.albares@epita.fr', 'calbares@gmail.com', 'completed', 'SPRING', 2021, 'SE'),
        ('leota.dilliard@epita.fr', 'leota@hotmail.com', 'completed', 'FALL', 2020, 'SE'),
        ('kris.marrier@epita.fr', 'kris@gmail.com', 'completed', 'FALL', 2020, 'SE'),
        ('veronika.inouye@epita.fr', 'vinouye@aol.com', 'completed', 'SPRING', 2021, 'DSA'),
        ('kanisha.waycott@epita.fr', 'kanisha_waycott@yahoo.com', 'completed', 'SPRING', 2021, 'ISM'),
        ('bette.nicka@epita.fr', 'bette_nicka@cox.net', 'completed', 'FALL', 2020, 'DSA'),
        ('gladys.rim@epita.fr', 'gladys.rim@rim.org', 'completed', 'FALL', 2020, 'ISM'),
        ('solange.shinko@epita.fr', 'solange@shinko.com', 'completed', 'SPRING', 2021, 'AIs'),
        ('albina.glick@epita.fr', 'albina@glick.com', 'completed', 'FALL', 2020, 'ISM'),
        ('minna.amigon@epita.fr', 'minna_amigon@yahoo.com', 'selected', 'SPRING', 2021, 'DSA'),
        ('viva.toelkes@epita.fr', 'viva.toelkes@gmail.com', 'selected', 'FALL', 2020, 'SE'),
        ('yuki.whobrey@epita.fr', 'yuki_whobrey@aol.com', 'selected', 'SPRING', 2021, 'CS'),
        ('sage.wieser@epita.fr', 'sage_wieser@cox.net', 'selected', 'SPRING', 2021, 'DSA'),
        ('rozella.ostrosky@epita.fr', 'rozella.ostrosky@ostrosky.com', 'selected', 'FALL', 2020, 'AIs'),
        ('maryann.royster@epita.fr', 'mroyster@royster.com', 'selected', 'SPRING', 2021, 'DSA'),
        ('elza.lipke@epita.fr', 'elza@yahoo.com', 'selected', 'SPRING', 2021, 'CS'),
        ('kati.rulapaugh@epita.fr', 'kati.rulapaugh@hotmail.com', 'selected', 'SPRING', 2021, 'AIs'),
        ('malinda.hochard@epita.fr', 'malinda.hochard@yahoo.com', 'confirmed', 'FALL', 2020, 'CS'),
        ('ammie.corrio@epita.fr', 'ammie@corrio.com', 'confirmed', 'SPRING', 2021, 'ISM'),
        ('natalie.fern@epita.fr', 'natalie.fern@hotmail.com', 'confirmed', 'SPRING', 2021, 'AIs'),
        ('kiley.caldarera@epita.fr', 'kiley.caldarera@aol.com', 'completed', 'FALL', 2020, 'DSA'),
        ('timothy.mulqueen@epita.fr', 'timothy_mulqueen@mulqueen.org', 'completed', 'FALL', 2020, 'SE'),
        ('moon.parlato@epita.fr', 'moon@yahoo.com', 'completed', 'FALL', 2020, 'DSA'),
        ('blondell.pugh@epita.fr', 'bpugh@aol.com', 'completed', 'FALL', 2020, 'AIs'),
        ('jina.briddick@epita.fr', 'jina_briddick@briddick.com', 'completed', 'FALL', 2020, 'DSA'),
        ('myra.munns@epita.fr', 'mmunns@cox.net', 'completed', 'FALL', 2020, 'CS'),
        ('emerson.bowley@epita.fr', 'emerson.bowley@bowley.org', 'completed', 'FALL', 2020, 'ISM'),
        ('ernie.stenseth@epita.fr', 'ernie_stenseth@aol.com', 'completed', 'SPRING', 2021, 'ISM'),
        ('lai.gato@epita.fr', 'lai.gato@gato.org', 'completed', 'FALL', 2020, 'CS'),
        ('lavera.perin@epita.fr', 'lperin@perin.org', 'completed', 'SPRING', 2021, 'CS'),
        ('carmelina.lindall@epita.fr', 'carmelina_lindall@lindall.com', 'completed', 'SPRING', 2021, 'DSA'),
        ('erick.ferencz@epita.fr', 'erick.ferencz@aol.com', 'completed', 'FALL', 2020, 'AIs'),
        ('wilda.giguere@epita.fr', 'wilda@cox.net', 'completed', 'FALL', 2020, 'ISM'),
        ('tonette.wenner@epita.fr', 'twenner@aol.com', 'completed', 'SPRING', 2021, 'SE'),
        ('donette.foller@epita.fr', 'donette.foller@cox.net', 'completed', 'FALL', 2020, 'CS'),
        ('tyra.shields@epita.fr', 'tshields@gmail.com', 'completed', 'SPRING', 2021, 'CS'),
        ('danica.bruschke@epita.fr', 'danica_bruschke@gmail.com', 'completed', 'SPRING', 2021, 'DSA'),
        ('kallie.blackwood@epita.fr', 'kallie.blackwood@gmail.com', 'completed', 'SPRING', 2021, 'SE');

--Grades
insert into public.grades (grade_student_epita_email_ref, grade_course_code_ref, grade_course_rev_ref, grade_exam_type_ref, grade_score)
values  ('simona.morasca@epita.fr', 'SE_ADV_JS', 3, 'Project', 7),
        ('marjory.mastella@epita.fr', 'SE_ADV_JS', 3, 'Project', 16),
        ('cammy.albares@epita.fr', 'SE_ADV_JS', 3, 'Project', 18),
        ('leota.dilliard@epita.fr', 'SE_ADV_JS', 3, 'Project', 14),
        ('kris.marrier@epita.fr', 'SE_ADV_JS', 3, 'Project', 17),
        ('viva.toelkes@epita.fr', 'SE_ADV_JS', 3, 'Project', 7),
        ('timothy.mulqueen@epita.fr', 'SE_ADV_JS', 3, 'Project', 17),
        ('tonette.wenner@epita.fr', 'SE_ADV_JS', 3, 'Project', 17),
        ('kallie.blackwood@epita.fr', 'SE_ADV_JS', 3, 'Project', 3),
        ('simona.morasca@epita.fr', 'SE_ADV_JAVA', 2, 'Practical', 4),
        ('simona.morasca@epita.fr', 'SE_ADV_JAVA', 2, 'Project', 5),
        ('marjory.mastella@epita.fr', 'SE_ADV_JAVA', 2, 'Practical', 4),
        ('marjory.mastella@epita.fr', 'SE_ADV_JAVA', 2, 'Project', 6),
        ('cammy.albares@epita.fr', 'SE_ADV_JAVA', 2, 'Practical', 7),
        ('cammy.albares@epita.fr', 'SE_ADV_JAVA', 2, 'Project', 5),
        ('leota.dilliard@epita.fr', 'SE_ADV_JAVA', 2, 'Practical', 11),
        ('leota.dilliard@epita.fr', 'SE_ADV_JAVA', 2, 'Project', 13),
        ('kris.marrier@epita.fr', 'SE_ADV_JAVA', 2, 'Practical', 16),
        ('kris.marrier@epita.fr', 'SE_ADV_JAVA', 2, 'Project', 6),
        ('viva.toelkes@epita.fr', 'SE_ADV_JAVA', 2, 'Practical', 19),
        ('viva.toelkes@epita.fr', 'SE_ADV_JAVA', 2, 'Project', 5),
        ('timothy.mulqueen@epita.fr', 'SE_ADV_JAVA', 2, 'Practical', 11),
        ('timothy.mulqueen@epita.fr', 'SE_ADV_JAVA', 2, 'Project', 11),
        ('tonette.wenner@epita.fr', 'SE_ADV_JAVA', 2, 'Practical', 16),
        ('tonette.wenner@epita.fr', 'SE_ADV_JAVA', 2, 'Project', 10),
        ('kallie.blackwood@epita.fr', 'SE_ADV_JAVA', 2, 'Practical', 14),
        ('kallie.blackwood@epita.fr', 'SE_ADV_JAVA', 2, 'Project', 6),
        ('simona.morasca@epita.fr', 'SE_ADV_DB', 2, 'Project', 18),
        ('marjory.mastella@epita.fr', 'SE_ADV_DB', 2, 'Project', 12),
        ('cammy.albares@epita.fr', 'SE_ADV_DB', 2, 'Project', 8),
        ('leota.dilliard@epita.fr', 'SE_ADV_DB', 2, 'Project', 7),
        ('kris.marrier@epita.fr', 'SE_ADV_DB', 2, 'Project', 15),
        ('viva.toelkes@epita.fr', 'SE_ADV_DB', 2, 'Project', 13),
        ('timothy.mulqueen@epita.fr', 'SE_ADV_DB', 2, 'Project', 10),
        ('tonette.wenner@epita.fr', 'SE_ADV_DB', 2, 'Project', 8),
        ('kallie.blackwood@epita.fr', 'SE_ADV_DB', 2, 'Project', 15),
        ('jamal.vanausdal@epita.fr', 'PM_AGILE', 2, 'Quiz', 6),
        ('tawna.buvens@epita.fr', 'PM_AGILE', 2, 'Quiz', 4),
        ('kanisha.waycott@epita.fr', 'PM_AGILE', 2, 'Quiz', 15),
        ('gladys.rim@epita.fr', 'PM_AGILE', 2, 'Quiz', 11),
        ('albina.glick@epita.fr', 'PM_AGILE', 2, 'Quiz', 6),
        ('ammie.corrio@epita.fr', 'PM_AGILE', 2, 'Quiz', 11),
        ('emerson.bowley@epita.fr', 'PM_AGILE', 2, 'Quiz', 5),
        ('ernie.stenseth@epita.fr', 'PM_AGILE', 2, 'Quiz', 16),
        ('wilda.giguere@epita.fr', 'PM_AGILE', 2, 'Quiz', 4),
        ('jamal.vanausdal@epita.fr', 'PG_PYTHON', 2, 'Project', 10),
        ('tawna.buvens@epita.fr', 'PG_PYTHON', 2, 'Project', 19),
        ('kanisha.waycott@epita.fr', 'PG_PYTHON', 2, 'Project', 7),
        ('gladys.rim@epita.fr', 'PG_PYTHON', 2, 'Project', 13),
        ('albina.glick@epita.fr', 'PG_PYTHON', 2, 'Project', 14),
        ('simona.morasca@epita.fr', 'PG_PYTHON', 2, 'Project', 19),
        ('marjory.mastella@epita.fr', 'PG_PYTHON', 2, 'Project', 16),
        ('cammy.albares@epita.fr', 'PG_PYTHON', 2, 'Project', 8),
        ('leota.dilliard@epita.fr', 'PG_PYTHON', 2, 'Project', 9),
        ('kris.marrier@epita.fr', 'PG_PYTHON', 2, 'Project', 6),
        ('viva.toelkes@epita.fr', 'PG_PYTHON', 2, 'Project', 7),
        ('delmy.ahle@epita.fr', 'PG_PYTHON', 2, 'Project', 19),
        ('bernardo.figeroa@epita.fr', 'PG_PYTHON', 2, 'Project', 11),
        ('yuki.whobrey@epita.fr', 'PG_PYTHON', 2, 'Project', 10),
        ('elza.lipke@epita.fr', 'PG_PYTHON', 2, 'Project', 7),
        ('cecily.hollack@epita.fr', 'PG_PYTHON', 2, 'Project', 16),
        ('laurel.reitler@epita.fr', 'PG_PYTHON', 2, 'Project', 3),
        ('tamar.hoogland@epita.fr', 'PG_PYTHON', 2, 'Project', 6),
        ('francine.vocelka@epita.fr', 'PG_PYTHON', 2, 'Project', 16),
        ('lettie.isenhower@epita.fr', 'PG_PYTHON', 2, 'Project', 14),
        ('veronika.inouye@epita.fr', 'PG_PYTHON', 2, 'Project', 18),
        ('bette.nicka@epita.fr', 'PG_PYTHON', 2, 'Project', 9),
        ('minna.amigon@epita.fr', 'PG_PYTHON', 2, 'Project', 19),
        ('sage.wieser@epita.fr', 'PG_PYTHON', 2, 'Project', 4),
        ('maryann.royster@epita.fr', 'PG_PYTHON', 2, 'Project', 9),
        ('dominque.dickerson@epita.fr', 'PG_PYTHON', 2, 'Project', 12),
        ('solange.shinko@epita.fr', 'PG_PYTHON', 2, 'Project', 15),
        ('rozella.ostrosky@epita.fr', 'PG_PYTHON', 2, 'Project', 14),
        ('kati.rulapaugh@epita.fr', 'PG_PYTHON', 2, 'Project', 11),
        ('malinda.hochard@epita.fr', 'PG_PYTHON', 2, 'Project', 17),
        ('ammie.corrio@epita.fr', 'PG_PYTHON', 2, 'Project', 12),
        ('natalie.fern@epita.fr', 'PG_PYTHON', 2, 'Project', 4),
        ('kiley.caldarera@epita.fr', 'PG_PYTHON', 2, 'Project', 9),
        ('timothy.mulqueen@epita.fr', 'PG_PYTHON', 2, 'Project', 8),
        ('moon.parlato@epita.fr', 'PG_PYTHON', 2, 'Project', 7),
        ('blondell.pugh@epita.fr', 'PG_PYTHON', 2, 'Project', 9),
        ('jina.briddick@epita.fr', 'PG_PYTHON', 2, 'Project', 14),
        ('myra.munns@epita.fr', 'PG_PYTHON', 2, 'Project', 12),
        ('emerson.bowley@epita.fr', 'PG_PYTHON', 2, 'Project', 13),
        ('ernie.stenseth@epita.fr', 'PG_PYTHON', 2, 'Project', 14),
        ('lai.gato@epita.fr', 'PG_PYTHON', 2, 'Project', 9),
        ('lavera.perin@epita.fr', 'PG_PYTHON', 2, 'Project', 13),
        ('carmelina.lindall@epita.fr', 'PG_PYTHON', 2, 'Project', 19),
        ('erick.ferencz@epita.fr', 'PG_PYTHON', 2, 'Project', 18),
        ('wilda.giguere@epita.fr', 'PG_PYTHON', 2, 'Project', 4),
        ('tonette.wenner@epita.fr', 'PG_PYTHON', 2, 'Project', 9),
        ('donette.foller@epita.fr', 'PG_PYTHON', 2, 'Project', 5),
        ('tyra.shields@epita.fr', 'PG_PYTHON', 2, 'Project', 13),
        ('danica.bruschke@epita.fr', 'PG_PYTHON', 2, 'Project', 15),
        ('kallie.blackwood@epita.fr', 'PG_PYTHON', 2, 'Project', 6),
        ('jamal.vanausdal@epita.fr', 'MK_COM_FOR_LEADER', 1, 'Quiz', 10),
        ('tawna.buvens@epita.fr', 'MK_COM_FOR_LEADER', 1, 'Quiz', 15),
        ('kanisha.waycott@epita.fr', 'MK_COM_FOR_LEADER', 1, 'Quiz', 16),
        ('gladys.rim@epita.fr', 'MK_COM_FOR_LEADER', 1, 'Quiz', 9),
        ('albina.glick@epita.fr', 'MK_COM_FOR_LEADER', 1, 'Quiz', 3),
        ('ammie.corrio@epita.fr', 'MK_COM_FOR_LEADER', 1, 'Quiz', 12),
        ('emerson.bowley@epita.fr', 'MK_COM_FOR_LEADER', 1, 'Quiz', 18),
        ('ernie.stenseth@epita.fr', 'MK_COM_FOR_LEADER', 1, 'Quiz', 15),
        ('wilda.giguere@epita.fr', 'MK_COM_FOR_LEADER', 1, 'Quiz', 6),
        ('jamal.vanausdal@epita.fr', 'DT_RDBMS', 3, 'Project', 10),
        ('jamal.vanausdal@epita.fr', 'DT_RDBMS', 3, 'Lab', 6),
        ('tawna.buvens@epita.fr', 'DT_RDBMS', 3, 'Project', 18),
        ('tawna.buvens@epita.fr', 'DT_RDBMS', 3, 'Lab', 5),
        ('kanisha.waycott@epita.fr', 'DT_RDBMS', 3, 'Project', 8),
        ('kanisha.waycott@epita.fr', 'DT_RDBMS', 3, 'Lab', 4),
        ('gladys.rim@epita.fr', 'DT_RDBMS', 3, 'Project', 14),
        ('gladys.rim@epita.fr', 'DT_RDBMS', 3, 'Lab', 19),
        ('albina.glick@epita.fr', 'DT_RDBMS', 3, 'Project', 11),
        ('albina.glick@epita.fr', 'DT_RDBMS', 3, 'Lab', 13),
        ('simona.morasca@epita.fr', 'DT_RDBMS', 3, 'Project', 18),
        ('simona.morasca@epita.fr', 'DT_RDBMS', 3, 'Lab', 15),
        ('marjory.mastella@epita.fr', 'DT_RDBMS', 3, 'Project', 4),
        ('marjory.mastella@epita.fr', 'DT_RDBMS', 3, 'Lab', 12),
        ('cammy.albares@epita.fr', 'DT_RDBMS', 3, 'Project', 14),
        ('cammy.albares@epita.fr', 'DT_RDBMS', 3, 'Lab', 9),
        ('leota.dilliard@epita.fr', 'DT_RDBMS', 3, 'Project', 15),
        ('leota.dilliard@epita.fr', 'DT_RDBMS', 3, 'Lab', 7),
        ('kris.marrier@epita.fr', 'DT_RDBMS', 3, 'Project', 5),
        ('kris.marrier@epita.fr', 'DT_RDBMS', 3, 'Lab', 16),
        ('viva.toelkes@epita.fr', 'DT_RDBMS', 3, 'Project', 3),
        ('viva.toelkes@epita.fr', 'DT_RDBMS', 3, 'Lab', 8),
        ('delmy.ahle@epita.fr', 'DT_RDBMS', 3, 'Project', 14),
        ('delmy.ahle@epita.fr', 'DT_RDBMS', 3, 'Lab', 5),
        ('bernardo.figeroa@epita.fr', 'DT_RDBMS', 3, 'Project', 3),
        ('bernardo.figeroa@epita.fr', 'DT_RDBMS', 3, 'Lab', 10),
        ('yuki.whobrey@epita.fr', 'DT_RDBMS', 3, 'Project', 18),
        ('yuki.whobrey@epita.fr', 'DT_RDBMS', 3, 'Lab', 10),
        ('elza.lipke@epita.fr', 'DT_RDBMS', 3, 'Project', 6),
        ('elza.lipke@epita.fr', 'DT_RDBMS', 3, 'Lab', 16),
        ('cecily.hollack@epita.fr', 'DT_RDBMS', 3, 'Project', 16),
        ('cecily.hollack@epita.fr', 'DT_RDBMS', 3, 'Lab', 17),
        ('laurel.reitler@epita.fr', 'DT_RDBMS', 3, 'Project', 8),
        ('laurel.reitler@epita.fr', 'DT_RDBMS', 3, 'Lab', 4),
        ('tamar.hoogland@epita.fr', 'DT_RDBMS', 3, 'Project', 12),
        ('tamar.hoogland@epita.fr', 'DT_RDBMS', 3, 'Lab', 3),
        ('francine.vocelka@epita.fr', 'DT_RDBMS', 3, 'Project', 3),
        ('francine.vocelka@epita.fr', 'DT_RDBMS', 3, 'Lab', 18),
        ('lettie.isenhower@epita.fr', 'DT_RDBMS', 3, 'Project', 15),
        ('lettie.isenhower@epita.fr', 'DT_RDBMS', 3, 'Lab', 6),
        ('veronika.inouye@epita.fr', 'DT_RDBMS', 3, 'Project', 16),
        ('veronika.inouye@epita.fr', 'DT_RDBMS', 3, 'Lab', 4),
        ('bette.nicka@epita.fr', 'DT_RDBMS', 3, 'Project', 17),
        ('bette.nicka@epita.fr', 'DT_RDBMS', 3, 'Lab', 6),
        ('minna.amigon@epita.fr', 'DT_RDBMS', 3, 'Project', 6),
        ('minna.amigon@epita.fr', 'DT_RDBMS', 3, 'Lab', 3),
        ('sage.wieser@epita.fr', 'DT_RDBMS', 3, 'Project', 5),
        ('sage.wieser@epita.fr', 'DT_RDBMS', 3, 'Lab', 12),
        ('maryann.royster@epita.fr', 'DT_RDBMS', 3, 'Project', 17),
        ('maryann.royster@epita.fr', 'DT_RDBMS', 3, 'Lab', 4),
        ('dominque.dickerson@epita.fr', 'DT_RDBMS', 3, 'Project', 8),
        ('dominque.dickerson@epita.fr', 'DT_RDBMS', 3, 'Lab', 3),
        ('solange.shinko@epita.fr', 'DT_RDBMS', 3, 'Project', 11),
        ('solange.shinko@epita.fr', 'DT_RDBMS', 3, 'Lab', 5),
        ('rozella.ostrosky@epita.fr', 'DT_RDBMS', 3, 'Project', 12),
        ('rozella.ostrosky@epita.fr', 'DT_RDBMS', 3, 'Lab', 16),
        ('kati.rulapaugh@epita.fr', 'DT_RDBMS', 3, 'Project', 12),
        ('kati.rulapaugh@epita.fr', 'DT_RDBMS', 3, 'Lab', 7),
        ('malinda.hochard@epita.fr', 'DT_RDBMS', 3, 'Project', 19),
        ('malinda.hochard@epita.fr', 'DT_RDBMS', 3, 'Lab', 17),
        ('ammie.corrio@epita.fr', 'DT_RDBMS', 3, 'Project', 16),
        ('ammie.corrio@epita.fr', 'DT_RDBMS', 3, 'Lab', 15),
        ('natalie.fern@epita.fr', 'DT_RDBMS', 3, 'Project', 15),
        ('natalie.fern@epita.fr', 'DT_RDBMS', 3, 'Lab', 13),
        ('kiley.caldarera@epita.fr', 'DT_RDBMS', 3, 'Project', 12),
        ('kiley.caldarera@epita.fr', 'DT_RDBMS', 3, 'Lab', 12),
        ('timothy.mulqueen@epita.fr', 'DT_RDBMS', 3, 'Project', 16),
        ('timothy.mulqueen@epita.fr', 'DT_RDBMS', 3, 'Lab', 7),
        ('moon.parlato@epita.fr', 'DT_RDBMS', 3, 'Project', 16),
        ('moon.parlato@epita.fr', 'DT_RDBMS', 3, 'Lab', 17),
        ('blondell.pugh@epita.fr', 'DT_RDBMS', 3, 'Project', 14),
        ('blondell.pugh@epita.fr', 'DT_RDBMS', 3, 'Lab', 13),
        ('jina.briddick@epita.fr', 'DT_RDBMS', 3, 'Project', 6),
        ('jina.briddick@epita.fr', 'DT_RDBMS', 3, 'Lab', 7),
        ('myra.munns@epita.fr', 'DT_RDBMS', 3, 'Project', 8),
        ('myra.munns@epita.fr', 'DT_RDBMS', 3, 'Lab', 13),
        ('emerson.bowley@epita.fr', 'DT_RDBMS', 3, 'Project', 19),
        ('emerson.bowley@epita.fr', 'DT_RDBMS', 3, 'Lab', 9),
        ('ernie.stenseth@epita.fr', 'DT_RDBMS', 3, 'Project', 13),
        ('ernie.stenseth@epita.fr', 'DT_RDBMS', 3, 'Lab', 16),
        ('lai.gato@epita.fr', 'DT_RDBMS', 3, 'Project', 19),
        ('lai.gato@epita.fr', 'DT_RDBMS', 3, 'Lab', 5),
        ('lavera.perin@epita.fr', 'DT_RDBMS', 3, 'Project', 11),
        ('lavera.perin@epita.fr', 'DT_RDBMS', 3, 'Lab', 18),
        ('carmelina.lindall@epita.fr', 'DT_RDBMS', 3, 'Project', 4),
        ('carmelina.lindall@epita.fr', 'DT_RDBMS', 3, 'Lab', 15),
        ('erick.ferencz@epita.fr', 'DT_RDBMS', 3, 'Project', 13),
        ('erick.ferencz@epita.fr', 'DT_RDBMS', 3, 'Lab', 11),
        ('wilda.giguere@epita.fr', 'DT_RDBMS', 3, 'Project', 7),
        ('wilda.giguere@epita.fr', 'DT_RDBMS', 3, 'Lab', 17),
        ('tonette.wenner@epita.fr', 'DT_RDBMS', 3, 'Project', 9),
        ('tonette.wenner@epita.fr', 'DT_RDBMS', 3, 'Lab', 14),
        ('donette.foller@epita.fr', 'DT_RDBMS', 3, 'Project', 13),
        ('donette.foller@epita.fr', 'DT_RDBMS', 3, 'Lab', 10),
        ('tyra.shields@epita.fr', 'DT_RDBMS', 3, 'Project', 17),
        ('tyra.shields@epita.fr', 'DT_RDBMS', 3, 'Lab', 9),
        ('danica.bruschke@epita.fr', 'DT_RDBMS', 3, 'Project', 14),
        ('danica.bruschke@epita.fr', 'DT_RDBMS', 3, 'Lab', 15),
        ('kallie.blackwood@epita.fr', 'DT_RDBMS', 3, 'Project', 6),
        ('kallie.blackwood@epita.fr', 'DT_RDBMS', 3, 'Lab', 16),
        ('delmy.ahle@epita.fr', 'CS_SOFTWARE_SECURITY', 1, 'Quiz', 10),
        ('delmy.ahle@epita.fr', 'CS_SOFTWARE_SECURITY', 1, 'Project', 19),
        ('bernardo.figeroa@epita.fr', 'CS_SOFTWARE_SECURITY', 1, 'Quiz', 13),
        ('bernardo.figeroa@epita.fr', 'CS_SOFTWARE_SECURITY', 1, 'Project', 14),
        ('yuki.whobrey@epita.fr', 'CS_SOFTWARE_SECURITY', 1, 'Quiz', 8),
        ('yuki.whobrey@epita.fr', 'CS_SOFTWARE_SECURITY', 1, 'Project', 3),
        ('elza.lipke@epita.fr', 'CS_SOFTWARE_SECURITY', 1, 'Quiz', 11),
        ('elza.lipke@epita.fr', 'CS_SOFTWARE_SECURITY', 1, 'Project', 11),
        ('malinda.hochard@epita.fr', 'CS_SOFTWARE_SECURITY', 1, 'Quiz', 12),
        ('malinda.hochard@epita.fr', 'CS_SOFTWARE_SECURITY', 1, 'Project', 17),
        ('myra.munns@epita.fr', 'CS_SOFTWARE_SECURITY', 1, 'Quiz', 11),
        ('myra.munns@epita.fr', 'CS_SOFTWARE_SECURITY', 1, 'Project', 11),
        ('lai.gato@epita.fr', 'CS_SOFTWARE_SECURITY', 1, 'Quiz', 14),
        ('lai.gato@epita.fr', 'CS_SOFTWARE_SECURITY', 1, 'Project', 13),
        ('lavera.perin@epita.fr', 'CS_SOFTWARE_SECURITY', 1, 'Quiz', 17),
        ('lavera.perin@epita.fr', 'CS_SOFTWARE_SECURITY', 1, 'Project', 16),
        ('donette.foller@epita.fr', 'CS_SOFTWARE_SECURITY', 1, 'Quiz', 15),
        ('donette.foller@epita.fr', 'CS_SOFTWARE_SECURITY', 1, 'Project', 3),
        ('tyra.shields@epita.fr', 'CS_SOFTWARE_SECURITY', 1, 'Quiz', 8),
        ('tyra.shields@epita.fr', 'CS_SOFTWARE_SECURITY', 1, 'Project', 9),
        ('delmy.ahle@epita.fr', 'CS_DATA_PRIV', 1, 'Quiz', 9),
        ('bernardo.figeroa@epita.fr', 'CS_DATA_PRIV', 1, 'Quiz', 19),
        ('yuki.whobrey@epita.fr', 'CS_DATA_PRIV', 1, 'Quiz', 6),
        ('elza.lipke@epita.fr', 'CS_DATA_PRIV', 1, 'Quiz', 3),
        ('malinda.hochard@epita.fr', 'CS_DATA_PRIV', 1, 'Quiz', 11),
        ('myra.munns@epita.fr', 'CS_DATA_PRIV', 1, 'Quiz', 16),
        ('lai.gato@epita.fr', 'CS_DATA_PRIV', 1, 'Quiz', 18),
        ('lavera.perin@epita.fr', 'CS_DATA_PRIV', 1, 'Quiz', 19),
        ('donette.foller@epita.fr', 'CS_DATA_PRIV', 1, 'Quiz', 7),
        ('tyra.shields@epita.fr', 'CS_DATA_PRIV', 1, 'Quiz', 12),
        ('cecily.hollack@epita.fr', 'AI_DATA_SCIENCE_IN_PROD', 1, 'Practical', 10),
        ('laurel.reitler@epita.fr', 'AI_DATA_SCIENCE_IN_PROD', 1, 'Practical', 14),
        ('tamar.hoogland@epita.fr', 'AI_DATA_SCIENCE_IN_PROD', 1, 'Practical', 3),
        ('francine.vocelka@epita.fr', 'AI_DATA_SCIENCE_IN_PROD', 1, 'Practical', 19),
        ('lettie.isenhower@epita.fr', 'AI_DATA_SCIENCE_IN_PROD', 1, 'Practical', 12),
        ('veronika.inouye@epita.fr', 'AI_DATA_SCIENCE_IN_PROD', 1, 'Practical', 17),
        ('bette.nicka@epita.fr', 'AI_DATA_SCIENCE_IN_PROD', 1, 'Practical', 19),
        ('minna.amigon@epita.fr', 'AI_DATA_SCIENCE_IN_PROD', 1, 'Practical', 8),
        ('sage.wieser@epita.fr', 'AI_DATA_SCIENCE_IN_PROD', 1, 'Practical', 19),
        ('maryann.royster@epita.fr', 'AI_DATA_SCIENCE_IN_PROD', 1, 'Practical', 15),
        ('dominque.dickerson@epita.fr', 'AI_DATA_SCIENCE_IN_PROD', 1, 'Practical', 11),
        ('solange.shinko@epita.fr', 'AI_DATA_SCIENCE_IN_PROD', 1, 'Practical', 13),
        ('rozella.ostrosky@epita.fr', 'AI_DATA_SCIENCE_IN_PROD', 1, 'Practical', 4),
        ('kati.rulapaugh@epita.fr', 'AI_DATA_SCIENCE_IN_PROD', 1, 'Practical', 18),
        ('natalie.fern@epita.fr', 'AI_DATA_SCIENCE_IN_PROD', 1, 'Practical', 9),
        ('kiley.caldarera@epita.fr', 'AI_DATA_SCIENCE_IN_PROD', 1, 'Practical', 13),
        ('moon.parlato@epita.fr', 'AI_DATA_SCIENCE_IN_PROD', 1, 'Practical', 13),
        ('blondell.pugh@epita.fr', 'AI_DATA_SCIENCE_IN_PROD', 1, 'Practical', 13),
        ('jina.briddick@epita.fr', 'AI_DATA_SCIENCE_IN_PROD', 1, 'Practical', 5),
        ('carmelina.lindall@epita.fr', 'AI_DATA_SCIENCE_IN_PROD', 1, 'Practical', 6),
        ('erick.ferencz@epita.fr', 'AI_DATA_SCIENCE_IN_PROD', 1, 'Practical', 14),
        ('danica.bruschke@epita.fr', 'AI_DATA_SCIENCE_IN_PROD', 1, 'Practical', 12),
        ('dominque.dickerson@epita.fr', 'AI_DATA_PREP', 1, 'Practical', 4),
        ('solange.shinko@epita.fr', 'AI_DATA_PREP', 1, 'Practical', 16),
        ('rozella.ostrosky@epita.fr', 'AI_DATA_PREP', 1, 'Practical', 7),
        ('kati.rulapaugh@epita.fr', 'AI_DATA_PREP', 1, 'Practical', 16),
        ('natalie.fern@epita.fr', 'AI_DATA_PREP', 1, 'Practical', 18),
        ('blondell.pugh@epita.fr', 'AI_DATA_PREP', 1, 'Practical', 15),
        ('erick.ferencz@epita.fr', 'AI_DATA_PREP', 1, 'Practical', 13);


--Courses
insert into public.courses (course_code, course_rev, duration, course_last_rev, course_name, course_description)
values  ('PG_PYTHON', 2, 24, 2021, 'Python fundamentals', 'python basics'),
        ('CS_SOFTWARE_SECURITY', 1, 18, 2020, 'software security', 'Security principles in application design'),
        ('SE_ADV_DB', 2, 21, 2021, 'advanced databases', 'a course about advanced techniques for databases'),
        ('DT_RDBMS', 3, 12, 2021, 'Relational Databases', 'relational databases essentials'),
        ('PM_AGILE', 2, 15, 2020, 'agile mehtodologies', 'pm methodologies'),
        ('SE_ADV_JAVA', 2, 20, 2018, 'advanced java programming', 'advanced java techniques'),
        ('MK_COM_FOR_LEADER', 1, 11, 2021, 'communication for leaders', 'communication '),
        ('AI_DATA_SCIENCE_IN_PROD', 1, 21, 2021, 'data science in production', 'how to put data science projects in production'),
        ('CS_DATA_PRIV', 1, 11, 2020, 'data privacy by design', 'how to handle data privacy from application conception to application execution'),
        ('SE_ADV_JS', 3, 24, 2021, 'advanced js', 'advanced js techniques'),
        ('AI_DATA_PREP', 1, 10, 2021, 'data exploration and preparation', 'Explore and prepare datasets for artificial intelligence');

--Programs
insert into public.programs (program_course_code_ref, program_course_rev_ref, program_assignment)
values  ('SE_ADV_DB', 2, 'SE'),
        ('SE_ADV_JAVA', 2, 'SE'),
        ('SE_ADV_JS', 3, 'SE'),
        ('PM_AGILE', 2, 'ISM'),
        ('AI_DATA_PREP', 1, 'AIs'),
        ('AI_DATA_SCIENCE_IN_PROD', 1, 'AIs'),
        ('AI_DATA_SCIENCE_IN_PROD', 1, 'DSA'),
        ('CS_DATA_PRIV', 1, 'CS'),
        ('CS_SOFTWARE_SECURITY', 1, 'CS'),
        ('MK_COM_FOR_LEADER', 1, 'ISM'),
        ('DT_RDBMS', 3, 'ISM'),
        ('DT_RDBMS', 3, 'SE'),
        ('DT_RDBMS', 3, 'CS'),
        ('DT_RDBMS', 3, 'DSA'),
        ('DT_RDBMS', 3, 'AIs'),
        ('PG_PYTHON', 2, 'ISM'),
        ('PG_PYTHON', 2, 'SE'),
        ('PG_PYTHON', 2, 'CS'),
        ('PG_PYTHON', 2, 'DSA'),
        ('PG_PYTHON', 2, 'AIs');

--Population
insert into public.populations (population_code, population_year, population_period)
values  ('DSA', 2021, 'SPRING'),
        ('SE', 2021, 'SPRING'),
        ('CS', 2021, 'SPRING'),
        ('ISM', 2021, 'SPRING'),
        ('AIs', 2021, 'SPRING'),
        ('DSA', 2020, 'SPRING'),
        ('SE', 2020, 'SPRING'),
        ('CS', 2020, 'SPRING'),
        ('ISM', 2020, 'SPRING'),
        ('AIs', 2020, 'SPRING');

--Teachers 
insert into public.teachers (teacher_contact_ref, teacher_epita_email, teacher_study_level)
values  ('bmalet@yahoo.com', 'blair.malet@epita.fr', 8),
        ('alisha@slusarski.com', 'alisha.slusarski@epita.fr', 8),
        ('maurine_yglesias@yglesias.com', 'maurine.yglesias@epita.fr', 8),
        ('mitsue_tollner@yahoo.com', 'mitsue.tollner@epita.fr', 8),
        ('ilene.eroman@hotmail.com', 'ilene.eroman@epita.fr', 8),
        ('meaghan@hotmail.com', 'meaghan.garufi@epita.fr', 8),
        ('delisa.crupi@crupi.com', 'delisa.crupi@epita.fr', 8),
        ('asergi@gmail.com', 'alishia.sergi@epita.fr', 5),
        ('chanel.caudy@caudy.org', 'chanel.caudy@epita.fr', 8),
        ('ezekiel@chui.com', 'ezekiel.chui@epita.fr', 8),
        ('carma@cox.net', 'carma.vanheusen@epita.fr', 8),
        ('lpaprocki@hotmail.com', 'lenna.paprocki@epita.fr', 5),
        ('valentine_gillian@gmail.com', 'valentine.gillian@epita.fr', 5),
        ('stephen_emigh@hotmail.com', 'stephen.emigh@epita.fr', 5),
        ('lisha@centini.org', 'lisha.centini@epita.fr', 5),
        ('micaela_rhymes@gmail.com', 'micaela.rhymes@epita.fr', 5),
        ('amaclead@gmail.com', 'abel.maclead@epita.fr', 8),
        ('bbolognia@yahoo.com', 'brock.bolognia@epita.fr', 8),
        ('devorah@hotmail.com', 'devorah.chickering@epita.fr', 8),
        ('elly_morocco@gmail.com', 'elly.morocco@epita.fr', 5),
        ('jose@yahoo.com', 'jose.stockham@epita.fr', 5),
        ('gruta@cox.net', 'graciela.ruta@epita.fr', 5),
        ('josephine_darakjy@darakjy.org', 'josephine.darakjy@epita.fr', 8),
        ('twardrip@cox.net', 'tammara.wardrip@epita.fr', 5),
        ('cory.gibes@gmail.com', 'cory.gibes@epita.fr', 5),
        ('art@venere.org', 'art.venere@epita.fr', 5);

--Exams
  insert into public.exams (exam_course_code, exam_course_rev, exam_weight, exam_type)
values  ('SE_ADV_DB', 2, 1, 'Project'),
        ('SE_ADV_JAVA', 2, 2, 'Practical'),
        ('SE_ADV_JAVA', 2, 1, 'Project'),
        ('SE_ADV_JS', 3, 1, 'Project'),
        ('PM_AGILE', 2, 1, 'Quiz'),
        ('AI_DATA_PREP', 1, 1, 'Practical'),
        ('AI_DATA_SCIENCE_IN_PROD', 1, 1, 'Practical'),
        ('CS_DATA_PRIV', 1, 1, 'Quiz'),
        ('CS_SOFTWARE_SECURITY', 1, 1, 'Quiz'),
        ('CS_SOFTWARE_SECURITY', 1, 3, 'Project'),
        ('MK_COM_FOR_LEADER', 1, 1, 'Quiz'),
        ('DT_RDBMS', 3, 1, 'Project'),
        ('DT_RDBMS', 3, 2, 'Lab'),
        ('PG_PYTHON', 2, 1, 'Project');
--sessions
insert into public.sessions (session_course_ref, session_course_rev_ref, session_prof_ref, session_date, session_start_time, session_end_time, session_type, session_population_year, session_population_period, session_room)
values  ('SE_ADV_JAVA', 2, 'blair.malet@epita.fr', '2020-09-28', '08:00:00', '12:00:00', 'ON-CAMPUS', 2020, 'FALL', '606'),
        ('SE_ADV_JAVA', 2, 'blair.malet@epita.fr', '2020-09-29', '09:00:00', '13:00:00', 'ON-CAMPUS', 2020, 'FALL', '606'),
        ('SE_ADV_JAVA', 2, 'blair.malet@epita.fr', '2020-09-30', '10:00:00', '14:00:00', 'ON-CAMPUS', 2020, 'FALL', '606'),
        ('SE_ADV_JAVA', 2, 'blair.malet@epita.fr', '2020-10-01', '11:00:00', '15:00:00', 'ON-CAMPUS', 2020, 'FALL', '606'),
        ('SE_ADV_JAVA', 2, 'blair.malet@epita.fr', '2020-10-02', '12:00:00', '16:00:00', 'LAB', 2020, 'FALL', 'PST1'),
        ('PM_AGILE', 2, 'alisha.slusarski@epita.fr', '2020-10-03', '13:00:00', '17:00:00', 'ON-CAMPUS', 2020, 'FALL', '606'),
        ('PM_AGILE', 2, 'alisha.slusarski@epita.fr', '2020-10-04', '14:00:00', '18:00:00', 'ON-CAMPUS', 2020, 'FALL', '604'),
        ('PM_AGILE', 2, 'alisha.slusarski@epita.fr', '2020-10-05', '15:00:00', '19:00:00', 'ON-CAMPUS', 2020, 'FALL', '606'),
        ('PM_AGILE', 2, 'alisha.slusarski@epita.fr', '2020-10-06', '16:00:00', '20:00:00', 'ON-CAMPUS', 2020, 'FALL', '606'),
        ('PM_AGILE', 2, 'alisha.slusarski@epita.fr', '2020-10-07', '17:00:00', '21:00:00', 'EXAM', 2020, 'FALL', '608'),
        ('SE_ADV_DB', 2, 'maurine.yglesias@epita.fr', '2020-10-08', '18:00:00', '22:00:00', 'ON-CAMPUS', 2020, 'FALL', '604'),
        ('SE_ADV_DB', 2, 'maurine.yglesias@epita.fr', '2020-10-09', '19:00:00', '23:00:00', 'ON-CAMPUS', 2020, 'FALL', '606'),
        ('SE_ADV_DB', 2, 'maurine.yglesias@epita.fr', '2020-10-10', '20:00:00', '00:00:00', 'ON-CAMPUS', 2020, 'FALL', '606'),
        ('SE_ADV_DB', 2, 'maurine.yglesias@epita.fr', '2020-10-11', '21:00:00', '01:00:00', 'ON-CAMPUS', 2020, 'FALL', '606'),
        ('SE_ADV_DB', 2, 'maurine.yglesias@epita.fr', '2020-10-12', '22:00:00', '02:00:00', 'ON-CAMPUS', 2020, 'FALL', '606'),
        ('SE_ADV_DB', 2, 'maurine.yglesias@epita.fr', '2020-10-13', '23:00:00', '03:00:00', 'REMOTE', 2020, 'FALL', null),
        ('SE_ADV_DB', 2, 'maurine.yglesias@epita.fr', '2020-10-14', '00:00:00', '04:00:00', 'ON-CAMPUS', 2020, 'FALL', '608'),
        ('SE_ADV_DB', 2, 'maurine.yglesias@epita.fr', '2020-10-15', '01:00:00', '05:00:00', 'ON-CAMPUS', 2020, 'FALL', '606'),
        ('SE_ADV_DB', 2, 'maurine.yglesias@epita.fr', '2020-10-16', '02:00:00', '06:00:00', 'ON-CAMPUS', 2020, 'FALL', '606'),
        ('SE_ADV_DB', 2, 'maurine.yglesias@epita.fr', '2020-10-17', '03:00:00', '07:00:00', 'REMOTE', 2020, 'FALL', null),
        ('SE_ADV_JS', 3, 'brock.bolognia@epita.fr', '2020-10-18', '04:00:00', '08:00:00', 'ON-CAMPUS', 2020, 'FALL', '604'),
        ('SE_ADV_JS', 3, 'brock.bolognia@epita.fr', '2020-10-19', '05:00:00', '09:00:00', 'ON-CAMPUS', 2020, 'FALL', '606'),
        ('SE_ADV_JS', 3, 'brock.bolognia@epita.fr', '2020-10-20', '06:00:00', '10:00:00', 'ON-CAMPUS', 2020, 'FALL', '608'),
        ('SE_ADV_JS', 3, 'brock.bolognia@epita.fr', '2020-10-21', '07:00:00', '11:00:00', 'ON-CAMPUS', 2020, 'FALL', '606'),
        ('SE_ADV_JS', 3, 'brock.bolognia@epita.fr', '2020-10-22', '08:00:00', '12:00:00', 'ON-CAMPUS', 2020, 'FALL', '606'),
        ('SE_ADV_JS', 3, 'brock.bolognia@epita.fr', '2020-10-23', '09:00:00', '13:00:00', 'ON-CAMPUS', 2020, 'FALL', '604'),
        ('SE_ADV_JS', 3, 'brock.bolognia@epita.fr', '2020-10-24', '10:00:00', '14:00:00', 'ON-CAMPUS', 2020, 'FALL', '605'),
        ('SE_ADV_JS', 3, 'brock.bolognia@epita.fr', '2020-10-25', '11:00:00', '15:00:00', 'ON-CAMPUS', 2020, 'FALL', '608'),
        ('SE_ADV_JS', 3, 'brock.bolognia@epita.fr', '2020-10-26', '12:00:00', '16:00:00', 'ON-CAMPUS', 2020, 'FALL', '606'),
        ('SE_ADV_JS', 3, 'brock.bolognia@epita.fr', '2020-10-27', '13:00:00', '17:00:00', 'ON-CAMPUS', 2020, 'FALL', '606'),
        ('DT_RDBMS', 3, 'maurine.yglesias@epita.fr', '2020-10-28', '14:00:00', '18:00:00', 'ON-CAMPUS', 2020, 'FALL', '605'),
        ('DT_RDBMS', 3, 'maurine.yglesias@epita.fr', '2020-10-29', '15:00:00', '19:00:00', 'ON-CAMPUS', 2020, 'FALL', '606'),
        ('DT_RDBMS', 3, 'maurine.yglesias@epita.fr', '2020-10-30', '16:00:00', '20:00:00', 'ON-CAMPUS', 2020, 'FALL', '606'),
        ('DT_RDBMS', 3, 'maurine.yglesias@epita.fr', '2020-10-31', '17:00:00', '21:00:00', 'REMOTE', 2020, 'FALL', null),
        ('DT_RDBMS', 3, 'maurine.yglesias@epita.fr', '2020-11-01', '18:00:00', '22:00:00', 'ON-CAMPUS', 2020, 'FALL', '604'),
        ('DT_RDBMS', 3, 'maurine.yglesias@epita.fr', '2020-11-02', '19:00:00', '23:00:00', 'ON-CAMPUS', 2020, 'FALL', '608'),
        ('DT_RDBMS', 3, 'maurine.yglesias@epita.fr', '2020-11-03', '20:00:00', '00:00:00', 'REMOTE', 2020, 'FALL', null),
        ('DT_RDBMS', 3, 'maurine.yglesias@epita.fr', '2020-11-04', '21:00:00', '01:00:00', 'ON-CAMPUS', 2020, 'FALL', '606'),
        ('DT_RDBMS', 3, 'maurine.yglesias@epita.fr', '2020-11-05', '22:00:00', '02:00:00', 'ON-CAMPUS', 2020, 'FALL', '606'),
        ('CS_SOFTWARE_SECURITY', 1, 'lisha.centini@epita.fr', '2020-11-06', '23:00:00', '03:00:00', 'ON-CAMPUS', 2020, 'FALL', '604'),
        ('CS_SOFTWARE_SECURITY', 1, 'lisha.centini@epita.fr', '2020-11-07', '00:00:00', '04:00:00', 'ON-CAMPUS', 2020, 'FALL', '608'),
        ('CS_SOFTWARE_SECURITY', 1, 'lisha.centini@epita.fr', '2020-11-08', '01:00:00', '05:00:00', 'REMOTE', 2020, 'FALL', null),
        ('CS_SOFTWARE_SECURITY', 1, 'lisha.centini@epita.fr', '2020-11-09', '02:00:00', '06:00:00', 'ON-CAMPUS', 2020, 'FALL', '606'),
        ('CS_SOFTWARE_SECURITY', 1, 'lisha.centini@epita.fr', '2020-11-10', '03:00:00', '07:00:00', 'ON-CAMPUS', 2020, 'FALL', '606'),
        ('CS_SOFTWARE_SECURITY', 1, 'lisha.centini@epita.fr', '2020-11-11', '04:00:00', '08:00:00', 'ON-CAMPUS', 2020, 'FALL', '604'),
        ('MK_COM_FOR_LEADER', 1, 'alisha.slusarski@epita.fr', '2020-11-12', '05:00:00', '09:00:00', 'ON-CAMPUS', 2020, 'FALL', '608'),
        ('MK_COM_FOR_LEADER', 1, 'alisha.slusarski@epita.fr', '2020-11-13', '06:00:00', '10:00:00', 'REMOTE', 2020, 'FALL', null),
        ('MK_COM_FOR_LEADER', 1, 'alisha.slusarski@epita.fr', '2020-11-14', '07:00:00', '11:00:00', 'ON-CAMPUS', 2020, 'FALL', '606'),
        ('MK_COM_FOR_LEADER', 1, 'alisha.slusarski@epita.fr', '2020-11-15', '08:00:00', '12:00:00', 'ON-CAMPUS', 2020, 'FALL', '606'),
        ('MK_COM_FOR_LEADER', 1, 'alisha.slusarski@epita.fr', '2020-11-16', '09:00:00', '13:00:00', 'ON-CAMPUS', 2020, 'FALL', '606'),
        ('MK_COM_FOR_LEADER', 1, 'alisha.slusarski@epita.fr', '2020-11-17', '10:00:00', '14:00:00', 'EXAM', 2020, 'FALL', '606'),
        ('PG_PYTHON', 2, 'micaela.rhymes@epita.fr', '2020-11-18', '11:00:00', '15:00:00', 'ON-CAMPUS', 2021, 'SPRING', '606'),
        ('PG_PYTHON', 2, 'micaela.rhymes@epita.fr', '2020-11-19', '12:00:00', '16:00:00', 'ON-CAMPUS', 2021, 'SPRING', '606'),
        ('PG_PYTHON', 2, 'micaela.rhymes@epita.fr', '2020-11-20', '13:00:00', '17:00:00', 'ON-CAMPUS', 2021, 'SPRING', '606'),
        ('PG_PYTHON', 2, 'micaela.rhymes@epita.fr', '2020-11-21', '14:00:00', '18:00:00', 'ON-CAMPUS', 2021, 'SPRING', '604'),
        ('PG_PYTHON', 2, 'micaela.rhymes@epita.fr', '2020-11-22', '15:00:00', '19:00:00', 'ON-CAMPUS', 2021, 'SPRING', '606'),
        ('PG_PYTHON', 2, 'micaela.rhymes@epita.fr', '2020-11-23', '16:00:00', '20:00:00', 'ON-CAMPUS', 2021, 'SPRING', '606'),
        ('PG_PYTHON', 2, 'micaela.rhymes@epita.fr', '2020-11-24', '17:00:00', '21:00:00', 'ON-CAMPUS', 2021, 'SPRING', '604'),
        ('PG_PYTHON', 2, 'micaela.rhymes@epita.fr', '2020-11-25', '18:00:00', '22:00:00', 'EXAM', 2021, 'SPRING', '604'),
        ('AI_DATA_PREP', 1, 'art.venere@epita.fr', '2020-11-26', '19:00:00', '23:00:00', 'ON-CAMPUS', 2021, 'SPRING', '606'),
        ('AI_DATA_PREP', 1, 'art.venere@epita.fr', '2020-11-27', '20:00:00', '00:00:00', 'ON-CAMPUS', 2021, 'SPRING', '606'),
        ('AI_DATA_PREP', 1, 'art.venere@epita.fr', '2020-11-28', '21:00:00', '01:00:00', 'ON-CAMPUS', 2021, 'SPRING', '606'),
        ('AI_DATA_SCIENCE_IN_PROD', 1, 'ezekiel.chui@epita.fr', '2020-11-29', '22:00:00', '02:00:00', 'ON-CAMPUS', 2021, 'SPRING', '606'),
        ('AI_DATA_SCIENCE_IN_PROD', 1, 'ezekiel.chui@epita.fr', '2020-11-30', '23:00:00', '03:00:00', 'REMOTE', 2021, 'SPRING', null),
        ('AI_DATA_SCIENCE_IN_PROD', 1, 'ezekiel.chui@epita.fr', '2020-12-01', '00:00:00', '04:00:00', 'ON-CAMPUS', 2021, 'SPRING', '608'),
        ('AI_DATA_SCIENCE_IN_PROD', 1, 'ezekiel.chui@epita.fr', '2020-12-02', '01:00:00', '05:00:00', 'ON-CAMPUS', 2021, 'SPRING', '606'),
        ('AI_DATA_SCIENCE_IN_PROD', 1, 'ezekiel.chui@epita.fr', '2020-12-03', '02:00:00', '06:00:00', 'ON-CAMPUS', 2021, 'SPRING', '606'),
        ('CS_DATA_PRIV', 1, 'valentine.gillian@epita.fr', '2020-12-04', '03:00:00', '07:00:00', 'REMOTE', 2021, 'SPRING', null),
        ('CS_DATA_PRIV', 1, 'valentine.gillian@epita.fr', '2020-12-05', '04:00:00', '08:00:00', 'ON-CAMPUS', 2021, 'SPRING', '604'),
        ('CS_DATA_PRIV', 1, 'valentine.gillian@epita.fr', '2020-12-06', '05:00:00', '09:00:00', 'ON-CAMPUS', 2021, 'SPRING', '606'),
        ('SE_ADV_JAVA', 2, 'blair.malet@epita.fr', '2020-12-07', '06:00:00', '10:00:00', 'ON-CAMPUS', 2021, 'SPRING', '608'),
        ('SE_ADV_JAVA', 2, 'blair.malet@epita.fr', '2020-12-08', '07:00:00', '11:00:00', 'ON-CAMPUS', 2021, 'SPRING', '606'),
        ('SE_ADV_JAVA', 2, 'blair.malet@epita.fr', '2020-12-09', '08:00:00', '12:00:00', 'ON-CAMPUS', 2021, 'SPRING', '606'),
        ('SE_ADV_JAVA', 2, 'blair.malet@epita.fr', '2020-12-10', '09:00:00', '13:00:00', 'ON-CAMPUS', 2021, 'SPRING', '604'),
        ('SE_ADV_JAVA', 2, 'blair.malet@epita.fr', '2020-12-11', '10:00:00', '14:00:00', 'ON-CAMPUS', 2021, 'SPRING', '605'),
        ('PM_AGILE', 2, 'alisha.slusarski@epita.fr', '2020-12-12', '11:00:00', '15:00:00', 'ON-CAMPUS', 2021, 'SPRING', '608'),
        ('PM_AGILE', 2, 'alisha.slusarski@epita.fr', '2020-12-13', '12:00:00', '16:00:00', 'ON-CAMPUS', 2021, 'SPRING', '606'),
        ('PM_AGILE', 2, 'alisha.slusarski@epita.fr', '2020-12-14', '13:00:00', '17:00:00', 'ON-CAMPUS', 2021, 'SPRING', '606'),
        ('PM_AGILE', 2, 'alisha.slusarski@epita.fr', '2020-12-15', '14:00:00', '18:00:00', 'ON-CAMPUS', 2021, 'SPRING', '605'),
        ('PM_AGILE', 2, 'alisha.slusarski@epita.fr', '2020-12-16', '15:00:00', '19:00:00', 'ON-CAMPUS', 2021, 'SPRING', '606'),
        ('SE_ADV_DB', 2, 'maurine.yglesias@epita.fr', '2020-12-17', '16:00:00', '20:00:00', 'ON-CAMPUS', 2021, 'SPRING', '606'),
        ('SE_ADV_DB', 2, 'maurine.yglesias@epita.fr', '2020-12-18', '17:00:00', '21:00:00', 'REMOTE', 2021, 'SPRING', null),
        ('SE_ADV_DB', 2, 'maurine.yglesias@epita.fr', '2020-12-19', '18:00:00', '22:00:00', 'ON-CAMPUS', 2021, 'SPRING', '604'),
        ('SE_ADV_DB', 2, 'maurine.yglesias@epita.fr', '2020-12-20', '19:00:00', '23:00:00', 'ON-CAMPUS', 2021, 'SPRING', '608'),
        ('SE_ADV_DB', 2, 'maurine.yglesias@epita.fr', '2020-12-21', '20:00:00', '00:00:00', 'REMOTE', 2021, 'SPRING', null),
        ('SE_ADV_DB', 2, 'maurine.yglesias@epita.fr', '2020-12-22', '21:00:00', '01:00:00', 'ON-CAMPUS', 2021, 'SPRING', '606'),
        ('SE_ADV_DB', 2, 'maurine.yglesias@epita.fr', '2020-12-23', '22:00:00', '02:00:00', 'ON-CAMPUS', 2021, 'SPRING', '606'),
        ('SE_ADV_DB', 2, 'maurine.yglesias@epita.fr', '2020-12-24', '23:00:00', '03:00:00', 'REMOTE', 2021, 'SPRING', null),
        ('SE_ADV_DB', 2, 'maurine.yglesias@epita.fr', '2020-12-25', '00:00:00', '04:00:00', 'ON-CAMPUS', 2021, 'SPRING', '606'),
        ('SE_ADV_DB', 2, 'maurine.yglesias@epita.fr', '2020-12-26', '01:00:00', '05:00:00', 'ON-CAMPUS', 2021, 'SPRING', '606'),
        ('SE_ADV_JS', 3, 'brock.bolognia@epita.fr', '2020-12-27', '02:00:00', '06:00:00', 'ON-CAMPUS', 2021, 'SPRING', '606'),
        ('SE_ADV_JS', 3, 'brock.bolognia@epita.fr', '2020-12-28', '03:00:00', '07:00:00', 'ON-CAMPUS', 2021, 'SPRING', '606'),
        ('SE_ADV_JS', 3, 'brock.bolognia@epita.fr', '2020-12-29', '04:00:00', '08:00:00', 'ON-CAMPUS', 2021, 'SPRING', '606'),
        ('SE_ADV_JS', 3, 'brock.bolognia@epita.fr', '2020-12-30', '05:00:00', '09:00:00', 'ON-CAMPUS', 2021, 'SPRING', '606'),
        ('SE_ADV_JS', 3, 'brock.bolognia@epita.fr', '2020-12-31', '06:00:00', '10:00:00', 'ON-CAMPUS', 2021, 'SPRING', '606'),
        ('SE_ADV_JS', 3, 'brock.bolognia@epita.fr', '2021-01-01', '07:00:00', '11:00:00', 'ON-CAMPUS', 2021, 'SPRING', '606'),
        ('SE_ADV_JS', 3, 'brock.bolognia@epita.fr', '2021-01-02', '08:00:00', '12:00:00', 'ON-CAMPUS', 2021, 'SPRING', '605'),
        ('SE_ADV_JS', 3, 'brock.bolognia@epita.fr', '2021-01-03', '09:00:00', '13:00:00', 'ON-CAMPUS', 2021, 'SPRING', '606'),
        ('SE_ADV_JS', 3, 'brock.bolognia@epita.fr', '2021-01-04', '10:00:00', '14:00:00', 'ON-CAMPUS', 2021, 'SPRING', '606'),
        ('SE_ADV_JS', 3, 'brock.bolognia@epita.fr', '2021-01-05', '11:00:00', '15:00:00', 'ON-CAMPUS', 2021, 'SPRING', '606'),
        ('DT_RDBMS', 3, 'maurine.yglesias@epita.fr', '2021-01-06', '12:00:00', '16:00:00', 'ON-CAMPUS', 2021, 'SPRING', '604'),
        ('DT_RDBMS', 3, 'maurine.yglesias@epita.fr', '2021-01-07', '13:00:00', '17:00:00', 'ON-CAMPUS', 2021, 'SPRING', '606'),
        ('DT_RDBMS', 3, 'maurine.yglesias@epita.fr', '2021-01-08', '14:00:00', '18:00:00', 'ON-CAMPUS', 2021, 'SPRING', 'P05'),
        ('DT_RDBMS', 3, 'maurine.yglesias@epita.fr', '2021-01-09', '15:00:00', '19:00:00', 'ON-CAMPUS', 2021, 'SPRING', 'P05'),
        ('DT_RDBMS', 3, 'maurine.yglesias@epita.fr', '2021-01-10', '16:00:00', '20:00:00', 'ON-CAMPUS', 2021, 'SPRING', '604'),
        ('DT_RDBMS', 3, 'maurine.yglesias@epita.fr', '2021-01-11', '17:00:00', '21:00:00', 'ON-CAMPUS', 2021, 'SPRING', '606'),
        ('DT_RDBMS', 3, 'maurine.yglesias@epita.fr', '2021-01-12', '18:00:00', '22:00:00', 'ON-CAMPUS', 2021, 'SPRING', '606'),
        ('DT_RDBMS', 3, 'maurine.yglesias@epita.fr', '2021-01-13', '19:00:00', '23:00:00', 'ON-CAMPUS', 2021, 'SPRING', '606'),
        ('DT_RDBMS', 3, 'maurine.yglesias@epita.fr', '2021-01-14', '20:00:00', '00:00:00', 'ON-CAMPUS', 2021, 'SPRING', '604'),
        ('CS_SOFTWARE_SECURITY', 1, 'lisha.centini@epita.fr', '2021-01-15', '21:00:00', '01:00:00', 'ON-CAMPUS', 2021, 'SPRING', '606'),
        ('CS_SOFTWARE_SECURITY', 1, 'lisha.centini@epita.fr', '2021-01-16', '22:00:00', '02:00:00', 'ON-CAMPUS', 2021, 'SPRING', '606'),
        ('CS_SOFTWARE_SECURITY', 1, 'lisha.centini@epita.fr', '2021-01-17', '23:00:00', '03:00:00', 'ON-CAMPUS', 2021, 'SPRING', '604'),
        ('CS_SOFTWARE_SECURITY', 1, 'lisha.centini@epita.fr', '2021-01-18', '00:00:00', '04:00:00', 'ON-CAMPUS', 2021, 'SPRING', '606'),
        ('CS_SOFTWARE_SECURITY', 1, 'lisha.centini@epita.fr', '2021-01-19', '01:00:00', '05:00:00', 'ON-CAMPUS', 2021, 'SPRING', '604'),
        ('CS_SOFTWARE_SECURITY', 1, 'lisha.centini@epita.fr', '2021-01-20', '02:00:00', '06:00:00', 'ON-CAMPUS', 2021, 'SPRING', '606'),
        ('MK_COM_FOR_LEADER', 1, 'alisha.slusarski@epita.fr', '2021-01-21', '03:00:00', '07:00:00', 'ON-CAMPUS', 2021, 'SPRING', '604'),
        ('MK_COM_FOR_LEADER', 1, 'alisha.slusarski@epita.fr', '2021-01-22', '04:00:00', '08:00:00', 'ON-CAMPUS', 2021, 'SPRING', '606'),
        ('MK_COM_FOR_LEADER', 1, 'alisha.slusarski@epita.fr', '2021-01-23', '05:00:00', '09:00:00', 'ON-CAMPUS', 2021, 'SPRING', 'SM14'),
        ('MK_COM_FOR_LEADER', 1, 'alisha.slusarski@epita.fr', '2021-01-24', '06:00:00', '10:00:00', 'ON-CAMPUS', 2021, 'SPRING', '606'),
        ('MK_COM_FOR_LEADER', 1, 'alisha.slusarski@epita.fr', '2021-01-25', '07:00:00', '11:00:00', 'ON-CAMPUS', 2021, 'SPRING', '604'),
        ('MK_COM_FOR_LEADER', 1, 'alisha.slusarski@epita.fr', '2021-01-26', '08:00:00', '12:00:00', 'ON-CAMPUS', 2021, 'SPRING', '604'),
        ('PG_PYTHON', 2, 'micaela.rhymes@epita.fr', '2021-01-27', '09:00:00', '13:00:00', 'ON-CAMPUS', 2021, 'SPRING', '606'),
        ('PG_PYTHON', 2, 'micaela.rhymes@epita.fr', '2021-01-28', '10:00:00', '14:00:00', 'ON-CAMPUS', 2021, 'SPRING', '604'),
        ('PG_PYTHON', 2, 'micaela.rhymes@epita.fr', '2021-01-29', '11:00:00', '15:00:00', 'ON-CAMPUS', 2021, 'SPRING', '604'),
        ('PG_PYTHON', 2, 'micaela.rhymes@epita.fr', '2021-01-30', '12:00:00', '16:00:00', 'ON-CAMPUS', 2021, 'SPRING', 'SM14'),
        ('PG_PYTHON', 2, 'micaela.rhymes@epita.fr', '2021-01-31', '13:00:00', '17:00:00', 'ON-CAMPUS', 2021, 'SPRING', '604'),
        ('PG_PYTHON', 2, 'micaela.rhymes@epita.fr', '2021-02-01', '14:00:00', '18:00:00', 'REMOTE', 2021, 'SPRING', null),
        ('PG_PYTHON', 2, 'micaela.rhymes@epita.fr', '2021-02-02', '15:00:00', '19:00:00', 'REMOTE', 2021, 'SPRING', null),
        ('PG_PYTHON', 2, 'micaela.rhymes@epita.fr', '2021-02-03', '16:00:00', '20:00:00', 'REMOTE', 2021, 'FALL', null),
        ('AI_DATA_PREP', 1, 'art.venere@epita.fr', '2021-02-04', '17:00:00', '21:00:00', 'REMOTE', 2021, 'FALL', null),
        ('AI_DATA_PREP', 1, 'art.venere@epita.fr', '2021-02-05', '18:00:00', '22:00:00', 'REMOTE', 2021, 'FALL', null),
        ('AI_DATA_PREP', 1, 'art.venere@epita.fr', '2021-02-06', '19:00:00', '23:00:00', 'REMOTE', 2021, 'FALL', null),
        ('AI_DATA_SCIENCE_IN_PROD', 1, 'ezekiel.chui@epita.fr', '2021-02-07', '20:00:00', '00:00:00', 'REMOTE', 2021, 'FALL', null),
        ('AI_DATA_SCIENCE_IN_PROD', 1, 'ezekiel.chui@epita.fr', '2021-02-08', '21:00:00', '01:00:00', 'REMOTE', 2021, 'FALL', null),
        ('AI_DATA_SCIENCE_IN_PROD', 1, 'ezekiel.chui@epita.fr', '2021-02-09', '22:00:00', '02:00:00', 'REMOTE', 2021, 'FALL', null),
        ('AI_DATA_SCIENCE_IN_PROD', 1, 'ezekiel.chui@epita.fr', '2021-02-10', '23:00:00', '03:00:00', 'REMOTE', 2021, 'FALL', null),
        ('AI_DATA_SCIENCE_IN_PROD', 1, 'ezekiel.chui@epita.fr', '2021-02-11', '00:00:00', '04:00:00', 'REMOTE', 2021, 'FALL', null),
        ('CS_DATA_PRIV', 1, 'valentine.gillian@epita.fr', '2021-02-12', '01:00:00', '05:00:00', 'REMOTE', 2021, 'SPRING', null),
        ('CS_DATA_PRIV', 1, 'valentine.gillian@epita.fr', '2021-02-13', '02:00:00', '06:00:00', 'REMOTE', 2021, 'SPRING', null),
        ('CS_DATA_PRIV', 1, 'valentine.gillian@epita.fr', '2021-02-14', '03:00:00', '07:00:00', 'REMOTE', 2021, 'SPRING', null);
--Attendance
insert into public.attendance (attendance_student_ref, attendance_population_year_ref, attendance_course_ref, attendance_course_rev, attendance_session_date_ref, attendance_session_start_time, attendance_session_end_time, attendance_presence)
values  ('jamal.vanausdal@epita.fr', 2021, 'PM_AGILE', 2, '2021-04-26', '11:00:00', '13:00:00', 0),
        ('jamal.vanausdal@epita.fr', 2021, 'PM_AGILE', 2, '2021-04-27', '09:00:00', '11:00:00', 1),
        ('jamal.vanausdal@epita.fr', 2021, 'PM_AGILE', 2, '2021-04-27', '11:00:00', '13:00:00', 1),
        ('jamal.vanausdal@epita.fr', 2021, 'PM_AGILE', 2, '2021-05-03', '11:00:00', '13:00:00', 1),
        ('jamal.vanausdal@epita.fr', 2021, 'PM_AGILE', 2, '2021-05-04', '09:00:00', '11:00:00', 1),
        ('tawna.buvens@epita.fr', 2021, 'PM_AGILE', 2, '2021-04-26', '11:00:00', '13:00:00', 1),
        ('tawna.buvens@epita.fr', 2021, 'PM_AGILE', 2, '2021-04-27', '09:00:00', '11:00:00', 1),
        ('tawna.buvens@epita.fr', 2021, 'PM_AGILE', 2, '2021-04-27', '11:00:00', '13:00:00', 1),
        ('tawna.buvens@epita.fr', 2021, 'PM_AGILE', 2, '2021-05-03', '11:00:00', '13:00:00', 0),
        ('tawna.buvens@epita.fr', 2021, 'PM_AGILE', 2, '2021-05-04', '09:00:00', '11:00:00', 1),
        ('kanisha.waycott@epita.fr', 2021, 'PM_AGILE', 2, '2021-04-26', '11:00:00', '13:00:00', 1),
        ('kanisha.waycott@epita.fr', 2021, 'PM_AGILE', 2, '2021-04-27', '09:00:00', '11:00:00', 0),
        ('kanisha.waycott@epita.fr', 2021, 'PM_AGILE', 2, '2021-04-27', '11:00:00', '13:00:00', 0),
        ('kanisha.waycott@epita.fr', 2021, 'PM_AGILE', 2, '2021-05-03', '11:00:00', '13:00:00', 0),
        ('kanisha.waycott@epita.fr', 2021, 'PM_AGILE', 2, '2021-05-04', '09:00:00', '11:00:00', 0),
        ('ammie.corrio@epita.fr', 2021, 'PM_AGILE', 2, '2021-04-26', '11:00:00', '13:00:00', 1),
        ('ammie.corrio@epita.fr', 2021, 'PM_AGILE', 2, '2021-04-27', '09:00:00', '11:00:00', 1),
        ('ammie.corrio@epita.fr', 2021, 'PM_AGILE', 2, '2021-04-27', '11:00:00', '13:00:00', 1),
        ('ammie.corrio@epita.fr', 2021, 'PM_AGILE', 2, '2021-05-03', '11:00:00', '13:00:00', 1),
        ('ammie.corrio@epita.fr', 2021, 'PM_AGILE', 2, '2021-05-04', '09:00:00', '11:00:00', 1),
        ('marjory.mastella@epita.fr', 2020, 'SE_ADV_JAVA', 2, '2020-09-28', '08:00:00', '12:00:00', 1),
        ('marjory.mastella@epita.fr', 2020, 'SE_ADV_JAVA', 2, '2020-10-05', '08:00:00', '12:00:00', 0),
        ('marjory.mastella@epita.fr', 2020, 'SE_ADV_JAVA', 2, '2020-10-12', '08:00:00', '12:00:00', 1),
        ('marjory.mastella@epita.fr', 2020, 'SE_ADV_JAVA', 2, '2020-10-19', '08:00:00', '12:00:00', 0),
        ('marjory.mastella@epita.fr', 2020, 'SE_ADV_JAVA', 2, '2020-10-26', '08:00:00', '12:00:00', 1),
        ('leota.dilliard@epita.fr', 2020, 'SE_ADV_JAVA', 2, '2020-09-28', '08:00:00', '12:00:00', 1),
        ('leota.dilliard@epita.fr', 2020, 'SE_ADV_JAVA', 2, '2020-10-05', '08:00:00', '12:00:00', 0),
        ('leota.dilliard@epita.fr', 2020, 'SE_ADV_JAVA', 2, '2020-10-12', '08:00:00', '12:00:00', 0),
        ('leota.dilliard@epita.fr', 2020, 'SE_ADV_JAVA', 2, '2020-10-19', '08:00:00', '12:00:00', 0),
        ('leota.dilliard@epita.fr', 2020, 'SE_ADV_JAVA', 2, '2020-10-26', '08:00:00', '12:00:00', 1),
        ('kris.marrier@epita.fr', 2020, 'SE_ADV_JAVA', 2, '2020-09-28', '08:00:00', '12:00:00', 1),
        ('kris.marrier@epita.fr', 2020, 'SE_ADV_JAVA', 2, '2020-10-05', '08:00:00', '12:00:00', 0),
        ('kris.marrier@epita.fr', 2020, 'SE_ADV_JAVA', 2, '2020-10-12', '08:00:00', '12:00:00', 0),
        ('kris.marrier@epita.fr', 2020, 'SE_ADV_JAVA', 2, '2020-10-19', '08:00:00', '12:00:00', 1),
        ('kris.marrier@epita.fr', 2020, 'SE_ADV_JAVA', 2, '2020-10-26', '08:00:00', '12:00:00', 1),
        ('viva.toelkes@epita.fr', 2020, 'SE_ADV_JAVA', 2, '2020-09-28', '08:00:00', '12:00:00', 1),
        ('viva.toelkes@epita.fr', 2020, 'SE_ADV_JAVA', 2, '2020-10-05', '08:00:00', '12:00:00', 1),
        ('viva.toelkes@epita.fr', 2020, 'SE_ADV_JAVA', 2, '2020-10-12', '08:00:00', '12:00:00', 0),
        ('viva.toelkes@epita.fr', 2020, 'SE_ADV_JAVA', 2, '2020-10-19', '08:00:00', '12:00:00', 0),
        ('viva.toelkes@epita.fr', 2020, 'SE_ADV_JAVA', 2, '2020-10-26', '08:00:00', '12:00:00', 1),
        ('timothy.mulqueen@epita.fr', 2020, 'SE_ADV_JAVA', 2, '2020-09-28', '08:00:00', '12:00:00', 1),
        ('timothy.mulqueen@epita.fr', 2020, 'SE_ADV_JAVA', 2, '2020-10-05', '08:00:00', '12:00:00', 1),
        ('timothy.mulqueen@epita.fr', 2020, 'SE_ADV_JAVA', 2, '2020-10-12', '08:00:00', '12:00:00', 1),
        ('timothy.mulqueen@epita.fr', 2020, 'SE_ADV_JAVA', 2, '2020-10-19', '08:00:00', '12:00:00', 1),
        ('timothy.mulqueen@epita.fr', 2020, 'SE_ADV_JAVA', 2, '2020-10-26', '08:00:00', '12:00:00', 1),
        ('jamal.vanausdal@epita.fr', 2021, 'MK_COM_FOR_LEADER', 1, '2021-07-12', '10:00:00', '12:00:00', 0),
        ('jamal.vanausdal@epita.fr', 2021, 'MK_COM_FOR_LEADER', 1, '2021-07-12', '13:00:00', '16:00:00', 1),
        ('jamal.vanausdal@epita.fr', 2021, 'MK_COM_FOR_LEADER', 1, '2021-07-19', '09:00:00', '12:00:00', 1),
        ('jamal.vanausdal@epita.fr', 2021, 'MK_COM_FOR_LEADER', 1, '2021-07-19', '13:00:00', '16:00:00', 0),
        ('jamal.vanausdal@epita.fr', 2021, 'MK_COM_FOR_LEADER', 1, '2021-07-20', '10:00:00', '12:00:00', 0),
        ('jamal.vanausdal@epita.fr', 2021, 'MK_COM_FOR_LEADER', 1, '2021-07-23', '14:00:00', '16:00:00', 1),
        ('tawna.buvens@epita.fr', 2021, 'MK_COM_FOR_LEADER', 1, '2021-07-12', '10:00:00', '12:00:00', 0),
        ('tawna.buvens@epita.fr', 2021, 'MK_COM_FOR_LEADER', 1, '2021-07-12', '13:00:00', '16:00:00', 1),
        ('tawna.buvens@epita.fr', 2021, 'MK_COM_FOR_LEADER', 1, '2021-07-19', '09:00:00', '12:00:00', 1),
        ('tawna.buvens@epita.fr', 2021, 'MK_COM_FOR_LEADER', 1, '2021-07-19', '13:00:00', '16:00:00', 1),
        ('tawna.buvens@epita.fr', 2021, 'MK_COM_FOR_LEADER', 1, '2021-07-20', '10:00:00', '12:00:00', 0),
        ('tawna.buvens@epita.fr', 2021, 'MK_COM_FOR_LEADER', 1, '2021-07-23', '14:00:00', '16:00:00', 1),
        ('kanisha.waycott@epita.fr', 2021, 'MK_COM_FOR_LEADER', 1, '2021-07-12', '10:00:00', '12:00:00', 1),
        ('kanisha.waycott@epita.fr', 2021, 'MK_COM_FOR_LEADER', 1, '2021-07-12', '13:00:00', '16:00:00', 1),
        ('kanisha.waycott@epita.fr', 2021, 'MK_COM_FOR_LEADER', 1, '2021-07-19', '09:00:00', '12:00:00', 1),
        ('kanisha.waycott@epita.fr', 2021, 'MK_COM_FOR_LEADER', 1, '2021-07-19', '13:00:00', '16:00:00', 0),
        ('kanisha.waycott@epita.fr', 2021, 'MK_COM_FOR_LEADER', 1, '2021-07-20', '10:00:00', '12:00:00', 0),
        ('kanisha.waycott@epita.fr', 2021, 'MK_COM_FOR_LEADER', 1, '2021-07-23', '14:00:00', '16:00:00', 1),
        ('ammie.corrio@epita.fr', 2021, 'MK_COM_FOR_LEADER', 1, '2021-07-12', '10:00:00', '12:00:00', 1),
        ('ammie.corrio@epita.fr', 2021, 'MK_COM_FOR_LEADER', 1, '2021-07-12', '13:00:00', '16:00:00', 1),
        ('ammie.corrio@epita.fr', 2021, 'MK_COM_FOR_LEADER', 1, '2021-07-19', '09:00:00', '12:00:00', 0),
        ('ammie.corrio@epita.fr', 2021, 'MK_COM_FOR_LEADER', 1, '2021-07-19', '13:00:00', '16:00:00', 1),
        ('ammie.corrio@epita.fr', 2021, 'MK_COM_FOR_LEADER', 1, '2021-07-20', '10:00:00', '12:00:00', 0),
        ('ammie.corrio@epita.fr', 2021, 'MK_COM_FOR_LEADER', 1, '2021-07-23', '14:00:00', '16:00:00', 1),
        ('jamal.vanausdal@epita.fr', 2021, 'DT_RDBMS', 3, '2021-06-07', '14:00:00', '16:00:00', 1),
        ('jamal.vanausdal@epita.fr', 2021, 'DT_RDBMS', 3, '2021-06-07', '11:00:00', '13:00:00', 1),
        ('jamal.vanausdal@epita.fr', 2021, 'DT_RDBMS', 3, '2021-06-08', '09:00:00', '11:00:00', 0),
        ('jamal.vanausdal@epita.fr', 2021, 'DT_RDBMS', 3, '2021-06-08', '11:00:00', '13:00:00', 0),
        ('jamal.vanausdal@epita.fr', 2021, 'DT_RDBMS', 3, '2021-06-14', '11:00:00', '13:00:00', 1),
        ('jamal.vanausdal@epita.fr', 2021, 'DT_RDBMS', 3, '2021-06-14', '14:00:00', '16:00:00', 0),
        ('jamal.vanausdal@epita.fr', 2021, 'DT_RDBMS', 3, '2021-06-14', '16:00:00', '18:00:00', 1),
        ('jamal.vanausdal@epita.fr', 2021, 'DT_RDBMS', 3, '2021-06-15', '11:00:00', '13:00:00', 1),
        ('jamal.vanausdal@epita.fr', 2021, 'DT_RDBMS', 3, '2021-06-21', '11:00:00', '13:00:00', 1),
        ('tawna.buvens@epita.fr', 2021, 'DT_RDBMS', 3, '2021-06-07', '14:00:00', '16:00:00', 1),
        ('tawna.buvens@epita.fr', 2021, 'DT_RDBMS', 3, '2021-06-07', '11:00:00', '13:00:00', 0),
        ('tawna.buvens@epita.fr', 2021, 'DT_RDBMS', 3, '2021-06-08', '09:00:00', '11:00:00', 0),
        ('tawna.buvens@epita.fr', 2021, 'DT_RDBMS', 3, '2021-06-08', '11:00:00', '13:00:00', 1),
        ('tawna.buvens@epita.fr', 2021, 'DT_RDBMS', 3, '2021-06-14', '11:00:00', '13:00:00', 1),
        ('tawna.buvens@epita.fr', 2021, 'DT_RDBMS', 3, '2021-06-14', '14:00:00', '16:00:00', 1),
        ('tawna.buvens@epita.fr', 2021, 'DT_RDBMS', 3, '2021-06-14', '16:00:00', '18:00:00', 0),
        ('tawna.buvens@epita.fr', 2021, 'DT_RDBMS', 3, '2021-06-15', '11:00:00', '13:00:00', 1),
        ('tawna.buvens@epita.fr', 2021, 'DT_RDBMS', 3, '2021-06-21', '11:00:00', '13:00:00', 1),
        ('kanisha.waycott@epita.fr', 2021, 'DT_RDBMS', 3, '2021-06-07', '14:00:00', '16:00:00', 0),
        ('kanisha.waycott@epita.fr', 2021, 'DT_RDBMS', 3, '2021-06-07', '11:00:00', '13:00:00', 1),
        ('kanisha.waycott@epita.fr', 2021, 'DT_RDBMS', 3, '2021-06-08', '09:00:00', '11:00:00', 1),
        ('kanisha.waycott@epita.fr', 2021, 'DT_RDBMS', 3, '2021-06-08', '11:00:00', '13:00:00', 0),
        ('kanisha.waycott@epita.fr', 2021, 'DT_RDBMS', 3, '2021-06-14', '11:00:00', '13:00:00', 0),
        ('kanisha.waycott@epita.fr', 2021, 'DT_RDBMS', 3, '2021-06-14', '14:00:00', '16:00:00', 0),
        ('kanisha.waycott@epita.fr', 2021, 'DT_RDBMS', 3, '2021-06-14', '16:00:00', '18:00:00', 1),
        ('kanisha.waycott@epita.fr', 2021, 'DT_RDBMS', 3, '2021-06-15', '11:00:00', '13:00:00', 0),
        ('kanisha.waycott@epita.fr', 2021, 'DT_RDBMS', 3, '2021-06-21', '11:00:00', '13:00:00', 1),
        ('simona.morasca@epita.fr', 2021, 'DT_RDBMS', 3, '2021-06-07', '14:00:00', '16:00:00', 1),
        ('simona.morasca@epita.fr', 2021, 'DT_RDBMS', 3, '2021-06-07', '11:00:00', '13:00:00', 1),
        ('simona.morasca@epita.fr', 2021, 'DT_RDBMS', 3, '2021-06-08', '09:00:00', '11:00:00', 1),
        ('simona.morasca@epita.fr', 2021, 'DT_RDBMS', 3, '2021-06-08', '11:00:00', '13:00:00', 0),
        ('simona.morasca@epita.fr', 2021, 'DT_RDBMS', 3, '2021-06-14', '11:00:00', '13:00:00', 1),
        ('simona.morasca@epita.fr', 2021, 'DT_RDBMS', 3, '2021-06-14', '14:00:00', '16:00:00', 0),
        ('simona.morasca@epita.fr', 2021, 'DT_RDBMS', 3, '2021-06-14', '16:00:00', '18:00:00', 1),
        ('simona.morasca@epita.fr', 2021, 'DT_RDBMS', 3, '2021-06-15', '11:00:00', '13:00:00', 1),
        ('simona.morasca@epita.fr', 2021, 'DT_RDBMS', 3, '2021-06-21', '11:00:00', '13:00:00', 1),
        ('cammy.albares@epita.fr', 2021, 'DT_RDBMS', 3, '2021-06-07', '14:00:00', '16:00:00', 0),
        ('cammy.albares@epita.fr', 2021, 'DT_RDBMS', 3, '2021-06-07', '11:00:00', '13:00:00', 1),
        ('cammy.albares@epita.fr', 2021, 'DT_RDBMS', 3, '2021-06-08', '09:00:00', '11:00:00', 0),
        ('cammy.albares@epita.fr', 2021, 'DT_RDBMS', 3, '2021-06-08', '11:00:00', '13:00:00', 1),
        ('cammy.albares@epita.fr', 2021, 'DT_RDBMS', 3, '2021-06-14', '11:00:00', '13:00:00', 1),
        ('cammy.albares@epita.fr', 2021, 'DT_RDBMS', 3, '2021-06-14', '14:00:00', '16:00:00', 0),
        ('cammy.albares@epita.fr', 2021, 'DT_RDBMS', 3, '2021-06-14', '16:00:00', '18:00:00', 0),
        ('cammy.albares@epita.fr', 2021, 'DT_RDBMS', 3, '2021-06-15', '11:00:00', '13:00:00', 0),
        ('cammy.albares@epita.fr', 2021, 'DT_RDBMS', 3, '2021-06-21', '11:00:00', '13:00:00', 1),
        ('delmy.ahle@epita.fr', 2021, 'DT_RDBMS', 3, '2021-06-07', '14:00:00', '16:00:00', 1),
        ('delmy.ahle@epita.fr', 2021, 'DT_RDBMS', 3, '2021-06-07', '11:00:00', '13:00:00', 0),
        ('delmy.ahle@epita.fr', 2021, 'DT_RDBMS', 3, '2021-06-08', '09:00:00', '11:00:00', 1),
        ('delmy.ahle@epita.fr', 2021, 'DT_RDBMS', 3, '2021-06-08', '11:00:00', '13:00:00', 1),
        ('delmy.ahle@epita.fr', 2021, 'DT_RDBMS', 3, '2021-06-14', '11:00:00', '13:00:00', 0),
        ('delmy.ahle@epita.fr', 2021, 'DT_RDBMS', 3, '2021-06-14', '14:00:00', '16:00:00', 0),
        ('delmy.ahle@epita.fr', 2021, 'DT_RDBMS', 3, '2021-06-14', '16:00:00', '18:00:00', 0),
        ('delmy.ahle@epita.fr', 2021, 'DT_RDBMS', 3, '2021-06-15', '11:00:00', '13:00:00', 0),
        ('delmy.ahle@epita.fr', 2021, 'DT_RDBMS', 3, '2021-06-21', '11:00:00', '13:00:00', 0),
        ('francine.vocelka@epita.fr', 2021, 'DT_RDBMS', 3, '2021-06-07', '14:00:00', '16:00:00', 1),
        ('francine.vocelka@epita.fr', 2021, 'DT_RDBMS', 3, '2021-06-07', '11:00:00', '13:00:00', 1),
        ('francine.vocelka@epita.fr', 2021, 'DT_RDBMS', 3, '2021-06-08', '09:00:00', '11:00:00', 0),
        ('francine.vocelka@epita.fr', 2021, 'DT_RDBMS', 3, '2021-06-08', '11:00:00', '13:00:00', 0),
        ('francine.vocelka@epita.fr', 2021, 'DT_RDBMS', 3, '2021-06-14', '11:00:00', '13:00:00', 1),
        ('francine.vocelka@epita.fr', 2021, 'DT_RDBMS', 3, '2021-06-14', '14:00:00', '16:00:00', 0),
        ('francine.vocelka@epita.fr', 2021, 'DT_RDBMS', 3, '2021-06-14', '16:00:00', '18:00:00', 1),
        ('francine.vocelka@epita.fr', 2021, 'DT_RDBMS', 3, '2021-06-15', '11:00:00', '13:00:00', 1),
        ('francine.vocelka@epita.fr', 2021, 'DT_RDBMS', 3, '2021-06-21', '11:00:00', '13:00:00', 1),
        ('veronika.inouye@epita.fr', 2021, 'DT_RDBMS', 3, '2021-06-07', '14:00:00', '16:00:00', 0),
        ('veronika.inouye@epita.fr', 2021, 'DT_RDBMS', 3, '2021-06-07', '11:00:00', '13:00:00', 1),
        ('veronika.inouye@epita.fr', 2021, 'DT_RDBMS', 3, '2021-06-08', '09:00:00', '11:00:00', 0),
        ('veronika.inouye@epita.fr', 2021, 'DT_RDBMS', 3, '2021-06-08', '11:00:00', '13:00:00', 1),
        ('veronika.inouye@epita.fr', 2021, 'DT_RDBMS', 3, '2021-06-14', '11:00:00', '13:00:00', 1),
        ('veronika.inouye@epita.fr', 2021, 'DT_RDBMS', 3, '2021-06-14', '14:00:00', '16:00:00', 0),
        ('veronika.inouye@epita.fr', 2021, 'DT_RDBMS', 3, '2021-06-14', '16:00:00', '18:00:00', 1),
        ('veronika.inouye@epita.fr', 2021, 'DT_RDBMS', 3, '2021-06-15', '11:00:00', '13:00:00', 1),
        ('veronika.inouye@epita.fr', 2021, 'DT_RDBMS', 3, '2021-06-21', '11:00:00', '13:00:00', 0),
        ('dominque.dickerson@epita.fr', 2021, 'DT_RDBMS', 3, '2021-06-07', '14:00:00', '16:00:00', 1),
        ('dominque.dickerson@epita.fr', 2021, 'DT_RDBMS', 3, '2021-06-07', '11:00:00', '13:00:00', 1),
        ('dominque.dickerson@epita.fr', 2021, 'DT_RDBMS', 3, '2021-06-08', '09:00:00', '11:00:00', 1),
        ('dominque.dickerson@epita.fr', 2021, 'DT_RDBMS', 3, '2021-06-08', '11:00:00', '13:00:00', 1),
        ('dominque.dickerson@epita.fr', 2021, 'DT_RDBMS', 3, '2021-06-14', '11:00:00', '13:00:00', 1),
        ('dominque.dickerson@epita.fr', 2021, 'DT_RDBMS', 3, '2021-06-14', '14:00:00', '16:00:00', 1),
        ('dominque.dickerson@epita.fr', 2021, 'DT_RDBMS', 3, '2021-06-14', '16:00:00', '18:00:00', 1),
        ('dominque.dickerson@epita.fr', 2021, 'DT_RDBMS', 3, '2021-06-15', '11:00:00', '13:00:00', 1),
        ('dominque.dickerson@epita.fr', 2021, 'DT_RDBMS', 3, '2021-06-21', '11:00:00', '13:00:00', 1),
        ('solange.shinko@epita.fr', 2021, 'DT_RDBMS', 3, '2021-06-07', '14:00:00', '16:00:00', 1),
        ('solange.shinko@epita.fr', 2021, 'DT_RDBMS', 3, '2021-06-07', '11:00:00', '13:00:00', 1),
        ('solange.shinko@epita.fr', 2021, 'DT_RDBMS', 3, '2021-06-08', '09:00:00', '11:00:00', 0),
        ('solange.shinko@epita.fr', 2021, 'DT_RDBMS', 3, '2021-06-08', '11:00:00', '13:00:00', 0),
        ('solange.shinko@epita.fr', 2021, 'DT_RDBMS', 3, '2021-06-14', '11:00:00', '13:00:00', 1),
        ('solange.shinko@epita.fr', 2021, 'DT_RDBMS', 3, '2021-06-14', '14:00:00', '16:00:00', 1),
        ('solange.shinko@epita.fr', 2021, 'DT_RDBMS', 3, '2021-06-14', '16:00:00', '18:00:00', 1),
        ('solange.shinko@epita.fr', 2021, 'DT_RDBMS', 3, '2021-06-15', '11:00:00', '13:00:00', 1),
        ('solange.shinko@epita.fr', 2021, 'DT_RDBMS', 3, '2021-06-21', '11:00:00', '13:00:00', 1),
        ('minna.amigon@epita.fr', 2021, 'DT_RDBMS', 3, '2021-06-07', '14:00:00', '16:00:00', 0),
        ('minna.amigon@epita.fr', 2021, 'DT_RDBMS', 3, '2021-06-07', '11:00:00', '13:00:00', 1),
        ('minna.amigon@epita.fr', 2021, 'DT_RDBMS', 3, '2021-06-08', '09:00:00', '11:00:00', 1),
        ('minna.amigon@epita.fr', 2021, 'DT_RDBMS', 3, '2021-06-08', '11:00:00', '13:00:00', 0),
        ('minna.amigon@epita.fr', 2021, 'DT_RDBMS', 3, '2021-06-14', '11:00:00', '13:00:00', 1),
        ('minna.amigon@epita.fr', 2021, 'DT_RDBMS', 3, '2021-06-14', '14:00:00', '16:00:00', 0),
        ('minna.amigon@epita.fr', 2021, 'DT_RDBMS', 3, '2021-06-14', '16:00:00', '18:00:00', 1),
        ('minna.amigon@epita.fr', 2021, 'DT_RDBMS', 3, '2021-06-15', '11:00:00', '13:00:00', 1),
        ('minna.amigon@epita.fr', 2021, 'DT_RDBMS', 3, '2021-06-21', '11:00:00', '13:00:00', 0),
        ('yuki.whobrey@epita.fr', 2021, 'DT_RDBMS', 3, '2021-06-07', '14:00:00', '16:00:00', 0),
        ('yuki.whobrey@epita.fr', 2021, 'DT_RDBMS', 3, '2021-06-07', '11:00:00', '13:00:00', 0),
        ('yuki.whobrey@epita.fr', 2021, 'DT_RDBMS', 3, '2021-06-08', '09:00:00', '11:00:00', 1),
        ('yuki.whobrey@epita.fr', 2021, 'DT_RDBMS', 3, '2021-06-08', '11:00:00', '13:00:00', 1),
        ('yuki.whobrey@epita.fr', 2021, 'DT_RDBMS', 3, '2021-06-14', '11:00:00', '13:00:00', 0),
        ('yuki.whobrey@epita.fr', 2021, 'DT_RDBMS', 3, '2021-06-14', '14:00:00', '16:00:00', 1),
        ('yuki.whobrey@epita.fr', 2021, 'DT_RDBMS', 3, '2021-06-14', '16:00:00', '18:00:00', 1),
        ('yuki.whobrey@epita.fr', 2021, 'DT_RDBMS', 3, '2021-06-15', '11:00:00', '13:00:00', 0),
        ('yuki.whobrey@epita.fr', 2021, 'DT_RDBMS', 3, '2021-06-21', '11:00:00', '13:00:00', 1),
        ('sage.wieser@epita.fr', 2021, 'DT_RDBMS', 3, '2021-06-07', '14:00:00', '16:00:00', 1),
        ('sage.wieser@epita.fr', 2021, 'DT_RDBMS', 3, '2021-06-07', '11:00:00', '13:00:00', 1),
        ('sage.wieser@epita.fr', 2021, 'DT_RDBMS', 3, '2021-06-08', '09:00:00', '11:00:00', 1),
        ('sage.wieser@epita.fr', 2021, 'DT_RDBMS', 3, '2021-06-08', '11:00:00', '13:00:00', 1),
        ('sage.wieser@epita.fr', 2021, 'DT_RDBMS', 3, '2021-06-14', '11:00:00', '13:00:00', 1),
        ('sage.wieser@epita.fr', 2021, 'DT_RDBMS', 3, '2021-06-14', '14:00:00', '16:00:00', 1),
        ('sage.wieser@epita.fr', 2021, 'DT_RDBMS', 3, '2021-06-14', '16:00:00', '18:00:00', 1),
        ('sage.wieser@epita.fr', 2021, 'DT_RDBMS', 3, '2021-06-15', '11:00:00', '13:00:00', 1),
        ('sage.wieser@epita.fr', 2021, 'DT_RDBMS', 3, '2021-06-21', '11:00:00', '13:00:00', 1),
        ('maryann.royster@epita.fr', 2021, 'DT_RDBMS', 3, '2021-06-07', '14:00:00', '16:00:00', 1),
        ('maryann.royster@epita.fr', 2021, 'DT_RDBMS', 3, '2021-06-07', '11:00:00', '13:00:00', 1),
        ('maryann.royster@epita.fr', 2021, 'DT_RDBMS', 3, '2021-06-08', '09:00:00', '11:00:00', 1),
        ('maryann.royster@epita.fr', 2021, 'DT_RDBMS', 3, '2021-06-08', '11:00:00', '13:00:00', 0),
        ('maryann.royster@epita.fr', 2021, 'DT_RDBMS', 3, '2021-06-14', '11:00:00', '13:00:00', 0),
        ('maryann.royster@epita.fr', 2021, 'DT_RDBMS', 3, '2021-06-14', '14:00:00', '16:00:00', 0),
        ('maryann.royster@epita.fr', 2021, 'DT_RDBMS', 3, '2021-06-14', '16:00:00', '18:00:00', 1),
        ('maryann.royster@epita.fr', 2021, 'DT_RDBMS', 3, '2021-06-15', '11:00:00', '13:00:00', 1),
        ('maryann.royster@epita.fr', 2021, 'DT_RDBMS', 3, '2021-06-21', '11:00:00', '13:00:00', 0),
        ('elza.lipke@epita.fr', 2021, 'DT_RDBMS', 3, '2021-06-07', '14:00:00', '16:00:00', 1),
        ('elza.lipke@epita.fr', 2021, 'DT_RDBMS', 3, '2021-06-07', '11:00:00', '13:00:00', 1),
        ('elza.lipke@epita.fr', 2021, 'DT_RDBMS', 3, '2021-06-08', '09:00:00', '11:00:00', 1),
        ('elza.lipke@epita.fr', 2021, 'DT_RDBMS', 3, '2021-06-08', '11:00:00', '13:00:00', 1),
        ('elza.lipke@epita.fr', 2021, 'DT_RDBMS', 3, '2021-06-14', '11:00:00', '13:00:00', 1),
        ('elza.lipke@epita.fr', 2021, 'DT_RDBMS', 3, '2021-06-14', '14:00:00', '16:00:00', 0),
        ('elza.lipke@epita.fr', 2021, 'DT_RDBMS', 3, '2021-06-14', '16:00:00', '18:00:00', 1),
        ('elza.lipke@epita.fr', 2021, 'DT_RDBMS', 3, '2021-06-15', '11:00:00', '13:00:00', 0),
        ('elza.lipke@epita.fr', 2021, 'DT_RDBMS', 3, '2021-06-21', '11:00:00', '13:00:00', 0),
        ('kati.rulapaugh@epita.fr', 2021, 'DT_RDBMS', 3, '2021-06-07', '14:00:00', '16:00:00', 0),
        ('kati.rulapaugh@epita.fr', 2021, 'DT_RDBMS', 3, '2021-06-07', '11:00:00', '13:00:00', 1),
        ('kati.rulapaugh@epita.fr', 2021, 'DT_RDBMS', 3, '2021-06-08', '09:00:00', '11:00:00', 0),
        ('kati.rulapaugh@epita.fr', 2021, 'DT_RDBMS', 3, '2021-06-08', '11:00:00', '13:00:00', 1),
        ('kati.rulapaugh@epita.fr', 2021, 'DT_RDBMS', 3, '2021-06-14', '11:00:00', '13:00:00', 0),
        ('kati.rulapaugh@epita.fr', 2021, 'DT_RDBMS', 3, '2021-06-14', '14:00:00', '16:00:00', 1),
        ('kati.rulapaugh@epita.fr', 2021, 'DT_RDBMS', 3, '2021-06-14', '16:00:00', '18:00:00', 0),
        ('kati.rulapaugh@epita.fr', 2021, 'DT_RDBMS', 3, '2021-06-15', '11:00:00', '13:00:00', 1),
        ('kati.rulapaugh@epita.fr', 2021, 'DT_RDBMS', 3, '2021-06-21', '11:00:00', '13:00:00', 0),
        ('ammie.corrio@epita.fr', 2021, 'DT_RDBMS', 3, '2021-06-07', '14:00:00', '16:00:00', 1),
        ('ammie.corrio@epita.fr', 2021, 'DT_RDBMS', 3, '2021-06-07', '11:00:00', '13:00:00', 1),
        ('ammie.corrio@epita.fr', 2021, 'DT_RDBMS', 3, '2021-06-08', '09:00:00', '11:00:00', 1),
        ('ammie.corrio@epita.fr', 2021, 'DT_RDBMS', 3, '2021-06-08', '11:00:00', '13:00:00', 0),
        ('ammie.corrio@epita.fr', 2021, 'DT_RDBMS', 3, '2021-06-14', '11:00:00', '13:00:00', 1),
        ('ammie.corrio@epita.fr', 2021, 'DT_RDBMS', 3, '2021-06-14', '14:00:00', '16:00:00', 1),
        ('ammie.corrio@epita.fr', 2021, 'DT_RDBMS', 3, '2021-06-14', '16:00:00', '18:00:00', 1),
        ('ammie.corrio@epita.fr', 2021, 'DT_RDBMS', 3, '2021-06-15', '11:00:00', '13:00:00', 1),
        ('ammie.corrio@epita.fr', 2021, 'DT_RDBMS', 3, '2021-06-21', '11:00:00', '13:00:00', 0),
        ('natalie.fern@epita.fr', 2021, 'DT_RDBMS', 3, '2021-06-07', '14:00:00', '16:00:00', 1),
        ('natalie.fern@epita.fr', 2021, 'DT_RDBMS', 3, '2021-06-07', '11:00:00', '13:00:00', 1),
        ('natalie.fern@epita.fr', 2021, 'DT_RDBMS', 3, '2021-06-08', '09:00:00', '11:00:00', 1),
        ('natalie.fern@epita.fr', 2021, 'DT_RDBMS', 3, '2021-06-08', '11:00:00', '13:00:00', 0),
        ('natalie.fern@epita.fr', 2021, 'DT_RDBMS', 3, '2021-06-14', '11:00:00', '13:00:00', 1),
        ('natalie.fern@epita.fr', 2021, 'DT_RDBMS', 3, '2021-06-14', '14:00:00', '16:00:00', 1),
        ('natalie.fern@epita.fr', 2021, 'DT_RDBMS', 3, '2021-06-14', '16:00:00', '18:00:00', 1),
        ('natalie.fern@epita.fr', 2021, 'DT_RDBMS', 3, '2021-06-15', '11:00:00', '13:00:00', 0),
        ('natalie.fern@epita.fr', 2021, 'DT_RDBMS', 3, '2021-06-21', '11:00:00', '13:00:00', 1),
        ('jamal.vanausdal@epita.fr', 2021, 'PG_PYTHON', 2, '2021-03-05', '16:00:00', '19:00:00', 1),
        ('jamal.vanausdal@epita.fr', 2021, 'PG_PYTHON', 2, '2021-03-16', '09:00:00', '12:00:00', 1),
        ('jamal.vanausdal@epita.fr', 2021, 'PG_PYTHON', 2, '2021-03-16', '10:00:00', '13:00:00', 1),
        ('jamal.vanausdal@epita.fr', 2021, 'PG_PYTHON', 2, '2021-03-22', '13:00:00', '16:00:00', 1),
        ('jamal.vanausdal@epita.fr', 2021, 'PG_PYTHON', 2, '2021-03-23', '08:00:00', '11:00:00', 0),
        ('jamal.vanausdal@epita.fr', 2021, 'PG_PYTHON', 2, '2021-03-23', '10:00:00', '13:00:00', 1),
        ('jamal.vanausdal@epita.fr', 2021, 'PG_PYTHON', 2, '2021-03-29', '13:00:00', '16:00:00', 1),
        ('jamal.vanausdal@epita.fr', 2021, 'PG_PYTHON', 2, '2021-03-29', '10:00:00', '13:00:00', 1),
        ('jamal.vanausdal@epita.fr', 2021, 'PG_PYTHON', 2, '2021-07-23', '10:00:00', '12:00:00', 1),
        ('jamal.vanausdal@epita.fr', 2021, 'PG_PYTHON', 2, '2021-07-26', '10:00:00', '12:30:00', 1),
        ('jamal.vanausdal@epita.fr', 2021, 'PG_PYTHON', 2, '2021-07-27', '10:00:00', '12:30:00', 0),
        ('jamal.vanausdal@epita.fr', 2021, 'PG_PYTHON', 2, '2021-08-02', '09:00:00', '13:00:00', 0),
        ('jamal.vanausdal@epita.fr', 2021, 'PG_PYTHON', 2, '2021-09-06', '14:00:00', '16:00:00', 1),
        ('jamal.vanausdal@epita.fr', 2021, 'PG_PYTHON', 2, '2021-09-07', '14:00:00', '16:00:00', 1),
        ('jamal.vanausdal@epita.fr', 2021, 'PG_PYTHON', 2, '2021-09-13', '09:00:00', '13:00:00', 1),
        ('tawna.buvens@epita.fr', 2021, 'PG_PYTHON', 2, '2021-03-05', '16:00:00', '19:00:00', 1),
        ('tawna.buvens@epita.fr', 2021, 'PG_PYTHON', 2, '2021-03-16', '09:00:00', '12:00:00', 1),
        ('tawna.buvens@epita.fr', 2021, 'PG_PYTHON', 2, '2021-03-16', '10:00:00', '13:00:00', 1),
        ('tawna.buvens@epita.fr', 2021, 'PG_PYTHON', 2, '2021-03-22', '13:00:00', '16:00:00', 1),
        ('tawna.buvens@epita.fr', 2021, 'PG_PYTHON', 2, '2021-03-23', '08:00:00', '11:00:00', 0),
        ('tawna.buvens@epita.fr', 2021, 'PG_PYTHON', 2, '2021-03-23', '10:00:00', '13:00:00', 0),
        ('tawna.buvens@epita.fr', 2021, 'PG_PYTHON', 2, '2021-03-29', '13:00:00', '16:00:00', 0),
        ('tawna.buvens@epita.fr', 2021, 'PG_PYTHON', 2, '2021-03-29', '10:00:00', '13:00:00', 1),
        ('tawna.buvens@epita.fr', 2021, 'PG_PYTHON', 2, '2021-07-23', '10:00:00', '12:00:00', 1),
        ('tawna.buvens@epita.fr', 2021, 'PG_PYTHON', 2, '2021-07-26', '10:00:00', '12:30:00', 0),
        ('tawna.buvens@epita.fr', 2021, 'PG_PYTHON', 2, '2021-07-27', '10:00:00', '12:30:00', 1),
        ('tawna.buvens@epita.fr', 2021, 'PG_PYTHON', 2, '2021-08-02', '09:00:00', '13:00:00', 1),
        ('tawna.buvens@epita.fr', 2021, 'PG_PYTHON', 2, '2021-09-06', '14:00:00', '16:00:00', 1),
        ('tawna.buvens@epita.fr', 2021, 'PG_PYTHON', 2, '2021-09-07', '14:00:00', '16:00:00', 1),
        ('tawna.buvens@epita.fr', 2021, 'PG_PYTHON', 2, '2021-09-13', '09:00:00', '13:00:00', 1),
        ('kanisha.waycott@epita.fr', 2021, 'PG_PYTHON', 2, '2021-03-05', '16:00:00', '19:00:00', 1),
        ('kanisha.waycott@epita.fr', 2021, 'PG_PYTHON', 2, '2021-03-16', '09:00:00', '12:00:00', 0),
        ('kanisha.waycott@epita.fr', 2021, 'PG_PYTHON', 2, '2021-03-16', '10:00:00', '13:00:00', 1),
        ('kanisha.waycott@epita.fr', 2021, 'PG_PYTHON', 2, '2021-03-22', '13:00:00', '16:00:00', 1),
        ('kanisha.waycott@epita.fr', 2021, 'PG_PYTHON', 2, '2021-03-23', '08:00:00', '11:00:00', 0),
        ('kanisha.waycott@epita.fr', 2021, 'PG_PYTHON', 2, '2021-03-23', '10:00:00', '13:00:00', 1),
        ('kanisha.waycott@epita.fr', 2021, 'PG_PYTHON', 2, '2021-03-29', '13:00:00', '16:00:00', 1),
        ('kanisha.waycott@epita.fr', 2021, 'PG_PYTHON', 2, '2021-03-29', '10:00:00', '13:00:00', 0),
        ('kanisha.waycott@epita.fr', 2021, 'PG_PYTHON', 2, '2021-07-23', '10:00:00', '12:00:00', 0),
        ('kanisha.waycott@epita.fr', 2021, 'PG_PYTHON', 2, '2021-07-26', '10:00:00', '12:30:00', 1),
        ('kanisha.waycott@epita.fr', 2021, 'PG_PYTHON', 2, '2021-07-27', '10:00:00', '12:30:00', 0),
        ('kanisha.waycott@epita.fr', 2021, 'PG_PYTHON', 2, '2021-08-02', '09:00:00', '13:00:00', 1),
        ('kanisha.waycott@epita.fr', 2021, 'PG_PYTHON', 2, '2021-09-06', '14:00:00', '16:00:00', 0),
        ('kanisha.waycott@epita.fr', 2021, 'PG_PYTHON', 2, '2021-09-07', '14:00:00', '16:00:00', 1),
        ('kanisha.waycott@epita.fr', 2021, 'PG_PYTHON', 2, '2021-09-13', '09:00:00', '13:00:00', 1),
        ('simona.morasca@epita.fr', 2021, 'PG_PYTHON', 2, '2021-03-05', '16:00:00', '19:00:00', 1),
        ('simona.morasca@epita.fr', 2021, 'PG_PYTHON', 2, '2021-03-16', '09:00:00', '12:00:00', 1),
        ('simona.morasca@epita.fr', 2021, 'PG_PYTHON', 2, '2021-03-16', '10:00:00', '13:00:00', 0),
        ('simona.morasca@epita.fr', 2021, 'PG_PYTHON', 2, '2021-03-22', '13:00:00', '16:00:00', 1),
        ('simona.morasca@epita.fr', 2021, 'PG_PYTHON', 2, '2021-03-23', '08:00:00', '11:00:00', 1),
        ('simona.morasca@epita.fr', 2021, 'PG_PYTHON', 2, '2021-03-23', '10:00:00', '13:00:00', 0),
        ('simona.morasca@epita.fr', 2021, 'PG_PYTHON', 2, '2021-03-29', '13:00:00', '16:00:00', 1),
        ('simona.morasca@epita.fr', 2021, 'PG_PYTHON', 2, '2021-03-29', '10:00:00', '13:00:00', 0),
        ('simona.morasca@epita.fr', 2021, 'PG_PYTHON', 2, '2021-07-23', '10:00:00', '12:00:00', 1),
        ('simona.morasca@epita.fr', 2021, 'PG_PYTHON', 2, '2021-07-26', '10:00:00', '12:30:00', 1),
        ('simona.morasca@epita.fr', 2021, 'PG_PYTHON', 2, '2021-07-27', '10:00:00', '12:30:00', 1),
        ('simona.morasca@epita.fr', 2021, 'PG_PYTHON', 2, '2021-08-02', '09:00:00', '13:00:00', 1),
        ('simona.morasca@epita.fr', 2021, 'PG_PYTHON', 2, '2021-09-06', '14:00:00', '16:00:00', 0),
        ('simona.morasca@epita.fr', 2021, 'PG_PYTHON', 2, '2021-09-07', '14:00:00', '16:00:00', 1),
        ('simona.morasca@epita.fr', 2021, 'PG_PYTHON', 2, '2021-09-13', '09:00:00', '13:00:00', 0),
        ('cammy.albares@epita.fr', 2021, 'PG_PYTHON', 2, '2021-03-05', '16:00:00', '19:00:00', 1),
        ('cammy.albares@epita.fr', 2021, 'PG_PYTHON', 2, '2021-03-16', '09:00:00', '12:00:00', 1),
        ('cammy.albares@epita.fr', 2021, 'PG_PYTHON', 2, '2021-03-16', '10:00:00', '13:00:00', 0),
        ('cammy.albares@epita.fr', 2021, 'PG_PYTHON', 2, '2021-03-22', '13:00:00', '16:00:00', 1),
        ('cammy.albares@epita.fr', 2021, 'PG_PYTHON', 2, '2021-03-23', '08:00:00', '11:00:00', 1),
        ('cammy.albares@epita.fr', 2021, 'PG_PYTHON', 2, '2021-03-23', '10:00:00', '13:00:00', 0),
        ('cammy.albares@epita.fr', 2021, 'PG_PYTHON', 2, '2021-03-29', '13:00:00', '16:00:00', 1),
        ('cammy.albares@epita.fr', 2021, 'PG_PYTHON', 2, '2021-03-29', '10:00:00', '13:00:00', 0),
        ('cammy.albares@epita.fr', 2021, 'PG_PYTHON', 2, '2021-07-23', '10:00:00', '12:00:00', 1),
        ('cammy.albares@epita.fr', 2021, 'PG_PYTHON', 2, '2021-07-26', '10:00:00', '12:30:00', 1),
        ('cammy.albares@epita.fr', 2021, 'PG_PYTHON', 2, '2021-07-27', '10:00:00', '12:30:00', 1),
        ('cammy.albares@epita.fr', 2021, 'PG_PYTHON', 2, '2021-08-02', '09:00:00', '13:00:00', 1),
        ('cammy.albares@epita.fr', 2021, 'PG_PYTHON', 2, '2021-09-06', '14:00:00', '16:00:00', 1),
        ('cammy.albares@epita.fr', 2021, 'PG_PYTHON', 2, '2021-09-07', '14:00:00', '16:00:00', 1),
        ('cammy.albares@epita.fr', 2021, 'PG_PYTHON', 2, '2021-09-13', '09:00:00', '13:00:00', 1),
        ('delmy.ahle@epita.fr', 2021, 'PG_PYTHON', 2, '2021-03-05', '16:00:00', '19:00:00', 0),
        ('delmy.ahle@epita.fr', 2021, 'PG_PYTHON', 2, '2021-03-16', '09:00:00', '12:00:00', 1),
        ('delmy.ahle@epita.fr', 2021, 'PG_PYTHON', 2, '2021-03-16', '10:00:00', '13:00:00', 0),
        ('delmy.ahle@epita.fr', 2021, 'PG_PYTHON', 2, '2021-03-22', '13:00:00', '16:00:00', 1),
        ('delmy.ahle@epita.fr', 2021, 'PG_PYTHON', 2, '2021-03-23', '08:00:00', '11:00:00', 1),
        ('delmy.ahle@epita.fr', 2021, 'PG_PYTHON', 2, '2021-03-23', '10:00:00', '13:00:00', 0),
        ('delmy.ahle@epita.fr', 2021, 'PG_PYTHON', 2, '2021-03-29', '13:00:00', '16:00:00', 0),
        ('delmy.ahle@epita.fr', 2021, 'PG_PYTHON', 2, '2021-03-29', '10:00:00', '13:00:00', 1),
        ('delmy.ahle@epita.fr', 2021, 'PG_PYTHON', 2, '2021-07-23', '10:00:00', '12:00:00', 0),
        ('delmy.ahle@epita.fr', 2021, 'PG_PYTHON', 2, '2021-07-26', '10:00:00', '12:30:00', 1),
        ('delmy.ahle@epita.fr', 2021, 'PG_PYTHON', 2, '2021-07-27', '10:00:00', '12:30:00', 1),
        ('delmy.ahle@epita.fr', 2021, 'PG_PYTHON', 2, '2021-08-02', '09:00:00', '13:00:00', 1),
        ('delmy.ahle@epita.fr', 2021, 'PG_PYTHON', 2, '2021-09-06', '14:00:00', '16:00:00', 1),
        ('delmy.ahle@epita.fr', 2021, 'PG_PYTHON', 2, '2021-09-07', '14:00:00', '16:00:00', 0),
        ('delmy.ahle@epita.fr', 2021, 'PG_PYTHON', 2, '2021-09-13', '09:00:00', '13:00:00', 0),
        ('francine.vocelka@epita.fr', 2021, 'PG_PYTHON', 2, '2021-03-05', '16:00:00', '19:00:00', 1),
        ('francine.vocelka@epita.fr', 2021, 'PG_PYTHON', 2, '2021-03-16', '09:00:00', '12:00:00', 1),
        ('francine.vocelka@epita.fr', 2021, 'PG_PYTHON', 2, '2021-03-16', '10:00:00', '13:00:00', 1),
        ('francine.vocelka@epita.fr', 2021, 'PG_PYTHON', 2, '2021-03-22', '13:00:00', '16:00:00', 1),
        ('francine.vocelka@epita.fr', 2021, 'PG_PYTHON', 2, '2021-03-23', '08:00:00', '11:00:00', 1),
        ('francine.vocelka@epita.fr', 2021, 'PG_PYTHON', 2, '2021-03-23', '10:00:00', '13:00:00', 1),
        ('francine.vocelka@epita.fr', 2021, 'PG_PYTHON', 2, '2021-03-29', '13:00:00', '16:00:00', 1),
        ('francine.vocelka@epita.fr', 2021, 'PG_PYTHON', 2, '2021-03-29', '10:00:00', '13:00:00', 1),
        ('francine.vocelka@epita.fr', 2021, 'PG_PYTHON', 2, '2021-07-23', '10:00:00', '12:00:00', 1),
        ('francine.vocelka@epita.fr', 2021, 'PG_PYTHON', 2, '2021-07-26', '10:00:00', '12:30:00', 1),
        ('francine.vocelka@epita.fr', 2021, 'PG_PYTHON', 2, '2021-07-27', '10:00:00', '12:30:00', 1),
        ('francine.vocelka@epita.fr', 2021, 'PG_PYTHON', 2, '2021-08-02', '09:00:00', '13:00:00', 1),
        ('francine.vocelka@epita.fr', 2021, 'PG_PYTHON', 2, '2021-09-06', '14:00:00', '16:00:00', 1),
        ('francine.vocelka@epita.fr', 2021, 'PG_PYTHON', 2, '2021-09-07', '14:00:00', '16:00:00', 0),
        ('francine.vocelka@epita.fr', 2021, 'PG_PYTHON', 2, '2021-09-13', '09:00:00', '13:00:00', 1),
        ('veronika.inouye@epita.fr', 2021, 'PG_PYTHON', 2, '2021-03-05', '16:00:00', '19:00:00', 1),
        ('veronika.inouye@epita.fr', 2021, 'PG_PYTHON', 2, '2021-03-16', '09:00:00', '12:00:00', 1),
        ('veronika.inouye@epita.fr', 2021, 'PG_PYTHON', 2, '2021-03-16', '10:00:00', '13:00:00', 1),
        ('veronika.inouye@epita.fr', 2021, 'PG_PYTHON', 2, '2021-03-22', '13:00:00', '16:00:00', 0),
        ('veronika.inouye@epita.fr', 2021, 'PG_PYTHON', 2, '2021-03-23', '08:00:00', '11:00:00', 0),
        ('veronika.inouye@epita.fr', 2021, 'PG_PYTHON', 2, '2021-03-23', '10:00:00', '13:00:00', 1),
        ('veronika.inouye@epita.fr', 2021, 'PG_PYTHON', 2, '2021-03-29', '13:00:00', '16:00:00', 1),
        ('veronika.inouye@epita.fr', 2021, 'PG_PYTHON', 2, '2021-03-29', '10:00:00', '13:00:00', 1),
        ('veronika.inouye@epita.fr', 2021, 'PG_PYTHON', 2, '2021-07-23', '10:00:00', '12:00:00', 1),
        ('veronika.inouye@epita.fr', 2021, 'PG_PYTHON', 2, '2021-07-26', '10:00:00', '12:30:00', 0),
        ('veronika.inouye@epita.fr', 2021, 'PG_PYTHON', 2, '2021-07-27', '10:00:00', '12:30:00', 1),
        ('veronika.inouye@epita.fr', 2021, 'PG_PYTHON', 2, '2021-08-02', '09:00:00', '13:00:00', 1),
        ('veronika.inouye@epita.fr', 2021, 'PG_PYTHON', 2, '2021-09-06', '14:00:00', '16:00:00', 1),
        ('veronika.inouye@epita.fr', 2021, 'PG_PYTHON', 2, '2021-09-07', '14:00:00', '16:00:00', 1),
        ('veronika.inouye@epita.fr', 2021, 'PG_PYTHON', 2, '2021-09-13', '09:00:00', '13:00:00', 0),
        ('dominque.dickerson@epita.fr', 2021, 'PG_PYTHON', 2, '2021-03-05', '16:00:00', '19:00:00', 1),
        ('dominque.dickerson@epita.fr', 2021, 'PG_PYTHON', 2, '2021-03-16', '09:00:00', '12:00:00', 0),
        ('dominque.dickerson@epita.fr', 2021, 'PG_PYTHON', 2, '2021-03-16', '10:00:00', '13:00:00', 0),
        ('dominque.dickerson@epita.fr', 2021, 'PG_PYTHON', 2, '2021-03-22', '13:00:00', '16:00:00', 0),
        ('dominque.dickerson@epita.fr', 2021, 'PG_PYTHON', 2, '2021-03-23', '08:00:00', '11:00:00', 1),
        ('dominque.dickerson@epita.fr', 2021, 'PG_PYTHON', 2, '2021-03-23', '10:00:00', '13:00:00', 1),
        ('dominque.dickerson@epita.fr', 2021, 'PG_PYTHON', 2, '2021-03-29', '13:00:00', '16:00:00', 1),
        ('dominque.dickerson@epita.fr', 2021, 'PG_PYTHON', 2, '2021-03-29', '10:00:00', '13:00:00', 1),
        ('dominque.dickerson@epita.fr', 2021, 'PG_PYTHON', 2, '2021-07-23', '10:00:00', '12:00:00', 1),
        ('dominque.dickerson@epita.fr', 2021, 'PG_PYTHON', 2, '2021-07-26', '10:00:00', '12:30:00', 0),
        ('dominque.dickerson@epita.fr', 2021, 'PG_PYTHON', 2, '2021-07-27', '10:00:00', '12:30:00', 1),
        ('dominque.dickerson@epita.fr', 2021, 'PG_PYTHON', 2, '2021-08-02', '09:00:00', '13:00:00', 1),
        ('dominque.dickerson@epita.fr', 2021, 'PG_PYTHON', 2, '2021-09-06', '14:00:00', '16:00:00', 1),
        ('dominque.dickerson@epita.fr', 2021, 'PG_PYTHON', 2, '2021-09-07', '14:00:00', '16:00:00', 1),
        ('dominque.dickerson@epita.fr', 2021, 'PG_PYTHON', 2, '2021-09-13', '09:00:00', '13:00:00', 0),
        ('solange.shinko@epita.fr', 2021, 'PG_PYTHON', 2, '2021-03-05', '16:00:00', '19:00:00', 1),
        ('solange.shinko@epita.fr', 2021, 'PG_PYTHON', 2, '2021-03-16', '09:00:00', '12:00:00', 1),
        ('solange.shinko@epita.fr', 2021, 'PG_PYTHON', 2, '2021-03-16', '10:00:00', '13:00:00', 0),
        ('solange.shinko@epita.fr', 2021, 'PG_PYTHON', 2, '2021-03-22', '13:00:00', '16:00:00', 1),
        ('solange.shinko@epita.fr', 2021, 'PG_PYTHON', 2, '2021-03-23', '08:00:00', '11:00:00', 1),
        ('solange.shinko@epita.fr', 2021, 'PG_PYTHON', 2, '2021-03-23', '10:00:00', '13:00:00', 1),
        ('solange.shinko@epita.fr', 2021, 'PG_PYTHON', 2, '2021-03-29', '13:00:00', '16:00:00', 1),
        ('solange.shinko@epita.fr', 2021, 'PG_PYTHON', 2, '2021-03-29', '10:00:00', '13:00:00', 1),
        ('solange.shinko@epita.fr', 2021, 'PG_PYTHON', 2, '2021-07-23', '10:00:00', '12:00:00', 0),
        ('solange.shinko@epita.fr', 2021, 'PG_PYTHON', 2, '2021-07-26', '10:00:00', '12:30:00', 1),
        ('solange.shinko@epita.fr', 2021, 'PG_PYTHON', 2, '2021-07-27', '10:00:00', '12:30:00', 0),
        ('solange.shinko@epita.fr', 2021, 'PG_PYTHON', 2, '2021-08-02', '09:00:00', '13:00:00', 1),
        ('solange.shinko@epita.fr', 2021, 'PG_PYTHON', 2, '2021-09-06', '14:00:00', '16:00:00', 1),
        ('solange.shinko@epita.fr', 2021, 'PG_PYTHON', 2, '2021-09-07', '14:00:00', '16:00:00', 1),
        ('solange.shinko@epita.fr', 2021, 'PG_PYTHON', 2, '2021-09-13', '09:00:00', '13:00:00', 0),
        ('minna.amigon@epita.fr', 2021, 'PG_PYTHON', 2, '2021-03-05', '16:00:00', '19:00:00', 1),
        ('minna.amigon@epita.fr', 2021, 'PG_PYTHON', 2, '2021-03-16', '09:00:00', '12:00:00', 1),
        ('minna.amigon@epita.fr', 2021, 'PG_PYTHON', 2, '2021-03-16', '10:00:00', '13:00:00', 1),
        ('minna.amigon@epita.fr', 2021, 'PG_PYTHON', 2, '2021-03-22', '13:00:00', '16:00:00', 1),
        ('minna.amigon@epita.fr', 2021, 'PG_PYTHON', 2, '2021-03-23', '08:00:00', '11:00:00', 1),
        ('minna.amigon@epita.fr', 2021, 'PG_PYTHON', 2, '2021-03-23', '10:00:00', '13:00:00', 1),
        ('minna.amigon@epita.fr', 2021, 'PG_PYTHON', 2, '2021-03-29', '13:00:00', '16:00:00', 1),
        ('minna.amigon@epita.fr', 2021, 'PG_PYTHON', 2, '2021-03-29', '10:00:00', '13:00:00', 1),
        ('minna.amigon@epita.fr', 2021, 'PG_PYTHON', 2, '2021-07-23', '10:00:00', '12:00:00', 1),
        ('minna.amigon@epita.fr', 2021, 'PG_PYTHON', 2, '2021-07-26', '10:00:00', '12:30:00', 1),
        ('minna.amigon@epita.fr', 2021, 'PG_PYTHON', 2, '2021-07-27', '10:00:00', '12:30:00', 1),
        ('minna.amigon@epita.fr', 2021, 'PG_PYTHON', 2, '2021-08-02', '09:00:00', '13:00:00', 1),
        ('minna.amigon@epita.fr', 2021, 'PG_PYTHON', 2, '2021-09-06', '14:00:00', '16:00:00', 0),
        ('minna.amigon@epita.fr', 2021, 'PG_PYTHON', 2, '2021-09-07', '14:00:00', '16:00:00', 1),
        ('minna.amigon@epita.fr', 2021, 'PG_PYTHON', 2, '2021-09-13', '09:00:00', '13:00:00', 1),
        ('yuki.whobrey@epita.fr', 2021, 'PG_PYTHON', 2, '2021-03-05', '16:00:00', '19:00:00', 0),
        ('yuki.whobrey@epita.fr', 2021, 'PG_PYTHON', 2, '2021-03-16', '09:00:00', '12:00:00', 0),
        ('yuki.whobrey@epita.fr', 2021, 'PG_PYTHON', 2, '2021-03-16', '10:00:00', '13:00:00', 1),
        ('yuki.whobrey@epita.fr', 2021, 'PG_PYTHON', 2, '2021-03-22', '13:00:00', '16:00:00', 1),
        ('yuki.whobrey@epita.fr', 2021, 'PG_PYTHON', 2, '2021-03-23', '08:00:00', '11:00:00', 0),
        ('yuki.whobrey@epita.fr', 2021, 'PG_PYTHON', 2, '2021-03-23', '10:00:00', '13:00:00', 1),
        ('yuki.whobrey@epita.fr', 2021, 'PG_PYTHON', 2, '2021-03-29', '13:00:00', '16:00:00', 0),
        ('yuki.whobrey@epita.fr', 2021, 'PG_PYTHON', 2, '2021-03-29', '10:00:00', '13:00:00', 1),
        ('yuki.whobrey@epita.fr', 2021, 'PG_PYTHON', 2, '2021-07-23', '10:00:00', '12:00:00', 1),
        ('yuki.whobrey@epita.fr', 2021, 'PG_PYTHON', 2, '2021-07-26', '10:00:00', '12:30:00', 0),
        ('yuki.whobrey@epita.fr', 2021, 'PG_PYTHON', 2, '2021-07-27', '10:00:00', '12:30:00', 1),
        ('yuki.whobrey@epita.fr', 2021, 'PG_PYTHON', 2, '2021-08-02', '09:00:00', '13:00:00', 0),
        ('yuki.whobrey@epita.fr', 2021, 'PG_PYTHON', 2, '2021-09-06', '14:00:00', '16:00:00', 1),
        ('yuki.whobrey@epita.fr', 2021, 'PG_PYTHON', 2, '2021-09-07', '14:00:00', '16:00:00', 1),
        ('yuki.whobrey@epita.fr', 2021, 'PG_PYTHON', 2, '2021-09-13', '09:00:00', '13:00:00', 0),
        ('sage.wieser@epita.fr', 2021, 'PG_PYTHON', 2, '2021-03-05', '16:00:00', '19:00:00', 0),
        ('sage.wieser@epita.fr', 2021, 'PG_PYTHON', 2, '2021-03-16', '09:00:00', '12:00:00', 1),
        ('sage.wieser@epita.fr', 2021, 'PG_PYTHON', 2, '2021-03-16', '10:00:00', '13:00:00', 1),
        ('sage.wieser@epita.fr', 2021, 'PG_PYTHON', 2, '2021-03-22', '13:00:00', '16:00:00', 0),
        ('sage.wieser@epita.fr', 2021, 'PG_PYTHON', 2, '2021-03-23', '08:00:00', '11:00:00', 1),
        ('sage.wieser@epita.fr', 2021, 'PG_PYTHON', 2, '2021-03-23', '10:00:00', '13:00:00', 1),
        ('sage.wieser@epita.fr', 2021, 'PG_PYTHON', 2, '2021-03-29', '13:00:00', '16:00:00', 0),
        ('sage.wieser@epita.fr', 2021, 'PG_PYTHON', 2, '2021-03-29', '10:00:00', '13:00:00', 0),
        ('sage.wieser@epita.fr', 2021, 'PG_PYTHON', 2, '2021-07-23', '10:00:00', '12:00:00', 1),
        ('sage.wieser@epita.fr', 2021, 'PG_PYTHON', 2, '2021-07-26', '10:00:00', '12:30:00', 1),
        ('sage.wieser@epita.fr', 2021, 'PG_PYTHON', 2, '2021-07-27', '10:00:00', '12:30:00', 1),
        ('sage.wieser@epita.fr', 2021, 'PG_PYTHON', 2, '2021-08-02', '09:00:00', '13:00:00', 1),
        ('sage.wieser@epita.fr', 2021, 'PG_PYTHON', 2, '2021-09-06', '14:00:00', '16:00:00', 0),
        ('sage.wieser@epita.fr', 2021, 'PG_PYTHON', 2, '2021-09-07', '14:00:00', '16:00:00', 1),
        ('sage.wieser@epita.fr', 2021, 'PG_PYTHON', 2, '2021-09-13', '09:00:00', '13:00:00', 1),
        ('maryann.royster@epita.fr', 2021, 'PG_PYTHON', 2, '2021-03-05', '16:00:00', '19:00:00', 1),
        ('maryann.royster@epita.fr', 2021, 'PG_PYTHON', 2, '2021-03-16', '09:00:00', '12:00:00', 1),
        ('maryann.royster@epita.fr', 2021, 'PG_PYTHON', 2, '2021-03-16', '10:00:00', '13:00:00', 1),
        ('maryann.royster@epita.fr', 2021, 'PG_PYTHON', 2, '2021-03-22', '13:00:00', '16:00:00', 0),
        ('maryann.royster@epita.fr', 2021, 'PG_PYTHON', 2, '2021-03-23', '08:00:00', '11:00:00', 0),
        ('maryann.royster@epita.fr', 2021, 'PG_PYTHON', 2, '2021-03-23', '10:00:00', '13:00:00', 1),
        ('maryann.royster@epita.fr', 2021, 'PG_PYTHON', 2, '2021-03-29', '13:00:00', '16:00:00', 0),
        ('maryann.royster@epita.fr', 2021, 'PG_PYTHON', 2, '2021-03-29', '10:00:00', '13:00:00', 1),
        ('maryann.royster@epita.fr', 2021, 'PG_PYTHON', 2, '2021-07-23', '10:00:00', '12:00:00', 1),
        ('maryann.royster@epita.fr', 2021, 'PG_PYTHON', 2, '2021-07-26', '10:00:00', '12:30:00', 1),
        ('maryann.royster@epita.fr', 2021, 'PG_PYTHON', 2, '2021-07-27', '10:00:00', '12:30:00', 1),
        ('maryann.royster@epita.fr', 2021, 'PG_PYTHON', 2, '2021-08-02', '09:00:00', '13:00:00', 1),
        ('maryann.royster@epita.fr', 2021, 'PG_PYTHON', 2, '2021-09-06', '14:00:00', '16:00:00', 0),
        ('maryann.royster@epita.fr', 2021, 'PG_PYTHON', 2, '2021-09-07', '14:00:00', '16:00:00', 0),
        ('maryann.royster@epita.fr', 2021, 'PG_PYTHON', 2, '2021-09-13', '09:00:00', '13:00:00', 1),
        ('elza.lipke@epita.fr', 2021, 'PG_PYTHON', 2, '2021-03-05', '16:00:00', '19:00:00', 1),
        ('elza.lipke@epita.fr', 2021, 'PG_PYTHON', 2, '2021-03-16', '09:00:00', '12:00:00', 0),
        ('elza.lipke@epita.fr', 2021, 'PG_PYTHON', 2, '2021-03-16', '10:00:00', '13:00:00', 0),
        ('elza.lipke@epita.fr', 2021, 'PG_PYTHON', 2, '2021-03-22', '13:00:00', '16:00:00', 0),
        ('elza.lipke@epita.fr', 2021, 'PG_PYTHON', 2, '2021-03-23', '08:00:00', '11:00:00', 0),
        ('elza.lipke@epita.fr', 2021, 'PG_PYTHON', 2, '2021-03-23', '10:00:00', '13:00:00', 1),
        ('elza.lipke@epita.fr', 2021, 'PG_PYTHON', 2, '2021-03-29', '13:00:00', '16:00:00', 1),
        ('elza.lipke@epita.fr', 2021, 'PG_PYTHON', 2, '2021-03-29', '10:00:00', '13:00:00', 1),
        ('elza.lipke@epita.fr', 2021, 'PG_PYTHON', 2, '2021-07-23', '10:00:00', '12:00:00', 1),
        ('elza.lipke@epita.fr', 2021, 'PG_PYTHON', 2, '2021-07-26', '10:00:00', '12:30:00', 1),
        ('elza.lipke@epita.fr', 2021, 'PG_PYTHON', 2, '2021-07-27', '10:00:00', '12:30:00', 1),
        ('elza.lipke@epita.fr', 2021, 'PG_PYTHON', 2, '2021-08-02', '09:00:00', '13:00:00', 1),
        ('elza.lipke@epita.fr', 2021, 'PG_PYTHON', 2, '2021-09-06', '14:00:00', '16:00:00', 0),
        ('elza.lipke@epita.fr', 2021, 'PG_PYTHON', 2, '2021-09-07', '14:00:00', '16:00:00', 0),
        ('elza.lipke@epita.fr', 2021, 'PG_PYTHON', 2, '2021-09-13', '09:00:00', '13:00:00', 0),
        ('kati.rulapaugh@epita.fr', 2021, 'PG_PYTHON', 2, '2021-03-05', '16:00:00', '19:00:00', 1),
        ('kati.rulapaugh@epita.fr', 2021, 'PG_PYTHON', 2, '2021-03-16', '09:00:00', '12:00:00', 1),
        ('kati.rulapaugh@epita.fr', 2021, 'PG_PYTHON', 2, '2021-03-16', '10:00:00', '13:00:00', 1),
        ('kati.rulapaugh@epita.fr', 2021, 'PG_PYTHON', 2, '2021-03-22', '13:00:00', '16:00:00', 0),
        ('kati.rulapaugh@epita.fr', 2021, 'PG_PYTHON', 2, '2021-03-23', '08:00:00', '11:00:00', 1),
        ('kati.rulapaugh@epita.fr', 2021, 'PG_PYTHON', 2, '2021-03-23', '10:00:00', '13:00:00', 0),
        ('kati.rulapaugh@epita.fr', 2021, 'PG_PYTHON', 2, '2021-03-29', '13:00:00', '16:00:00', 1),
        ('kati.rulapaugh@epita.fr', 2021, 'PG_PYTHON', 2, '2021-03-29', '10:00:00', '13:00:00', 1),
        ('kati.rulapaugh@epita.fr', 2021, 'PG_PYTHON', 2, '2021-07-23', '10:00:00', '12:00:00', 1),
        ('kati.rulapaugh@epita.fr', 2021, 'PG_PYTHON', 2, '2021-07-26', '10:00:00', '12:30:00', 0),
        ('kati.rulapaugh@epita.fr', 2021, 'PG_PYTHON', 2, '2021-07-27', '10:00:00', '12:30:00', 1),
        ('kati.rulapaugh@epita.fr', 2021, 'PG_PYTHON', 2, '2021-08-02', '09:00:00', '13:00:00', 1),
        ('kati.rulapaugh@epita.fr', 2021, 'PG_PYTHON', 2, '2021-09-06', '14:00:00', '16:00:00', 1),
        ('kati.rulapaugh@epita.fr', 2021, 'PG_PYTHON', 2, '2021-09-07', '14:00:00', '16:00:00', 1),
        ('kati.rulapaugh@epita.fr', 2021, 'PG_PYTHON', 2, '2021-09-13', '09:00:00', '13:00:00', 0),
        ('ammie.corrio@epita.fr', 2021, 'PG_PYTHON', 2, '2021-03-05', '16:00:00', '19:00:00', 1),
        ('ammie.corrio@epita.fr', 2021, 'PG_PYTHON', 2, '2021-03-16', '09:00:00', '12:00:00', 1),
        ('ammie.corrio@epita.fr', 2021, 'PG_PYTHON', 2, '2021-03-16', '10:00:00', '13:00:00', 0),
        ('ammie.corrio@epita.fr', 2021, 'PG_PYTHON', 2, '2021-03-22', '13:00:00', '16:00:00', 1),
        ('ammie.corrio@epita.fr', 2021, 'PG_PYTHON', 2, '2021-03-23', '08:00:00', '11:00:00', 1),
        ('ammie.corrio@epita.fr', 2021, 'PG_PYTHON', 2, '2021-03-23', '10:00:00', '13:00:00', 1),
        ('ammie.corrio@epita.fr', 2021, 'PG_PYTHON', 2, '2021-03-29', '13:00:00', '16:00:00', 1),
        ('ammie.corrio@epita.fr', 2021, 'PG_PYTHON', 2, '2021-03-29', '10:00:00', '13:00:00', 1),
        ('ammie.corrio@epita.fr', 2021, 'PG_PYTHON', 2, '2021-07-23', '10:00:00', '12:00:00', 0),
        ('ammie.corrio@epita.fr', 2021, 'PG_PYTHON', 2, '2021-07-26', '10:00:00', '12:30:00', 1),
        ('ammie.corrio@epita.fr', 2021, 'PG_PYTHON', 2, '2021-07-27', '10:00:00', '12:30:00', 1),
        ('ammie.corrio@epita.fr', 2021, 'PG_PYTHON', 2, '2021-08-02', '09:00:00', '13:00:00', 1),
        ('ammie.corrio@epita.fr', 2021, 'PG_PYTHON', 2, '2021-09-06', '14:00:00', '16:00:00', 1),
        ('ammie.corrio@epita.fr', 2021, 'PG_PYTHON', 2, '2021-09-07', '14:00:00', '16:00:00', 0),
        ('ammie.corrio@epita.fr', 2021, 'PG_PYTHON', 2, '2021-09-13', '09:00:00', '13:00:00', 0),
        ('natalie.fern@epita.fr', 2021, 'PG_PYTHON', 2, '2021-03-05', '16:00:00', '19:00:00', 1),
        ('natalie.fern@epita.fr', 2021, 'PG_PYTHON', 2, '2021-03-16', '09:00:00', '12:00:00', 1),
        ('natalie.fern@epita.fr', 2021, 'PG_PYTHON', 2, '2021-03-16', '10:00:00', '13:00:00', 0),
        ('natalie.fern@epita.fr', 2021, 'PG_PYTHON', 2, '2021-03-22', '13:00:00', '16:00:00', 1),
        ('natalie.fern@epita.fr', 2021, 'PG_PYTHON', 2, '2021-03-23', '08:00:00', '11:00:00', 1),
        ('natalie.fern@epita.fr', 2021, 'PG_PYTHON', 2, '2021-03-23', '10:00:00', '13:00:00', 1),
        ('natalie.fern@epita.fr', 2021, 'PG_PYTHON', 2, '2021-03-29', '13:00:00', '16:00:00', 0),
        ('natalie.fern@epita.fr', 2021, 'PG_PYTHON', 2, '2021-03-29', '10:00:00', '13:00:00', 1),
        ('natalie.fern@epita.fr', 2021, 'PG_PYTHON', 2, '2021-07-23', '10:00:00', '12:00:00', 1),
        ('natalie.fern@epita.fr', 2021, 'PG_PYTHON', 2, '2021-07-26', '10:00:00', '12:30:00', 1),
        ('natalie.fern@epita.fr', 2021, 'PG_PYTHON', 2, '2021-07-27', '10:00:00', '12:30:00', 0),
        ('natalie.fern@epita.fr', 2021, 'PG_PYTHON', 2, '2021-08-02', '09:00:00', '13:00:00', 1),
        ('natalie.fern@epita.fr', 2021, 'PG_PYTHON', 2, '2021-09-06', '14:00:00', '16:00:00', 0),
        ('natalie.fern@epita.fr', 2021, 'PG_PYTHON', 2, '2021-09-07', '14:00:00', '16:00:00', 1),
        ('natalie.fern@epita.fr', 2021, 'PG_PYTHON', 2, '2021-09-13', '09:00:00', '13:00:00', 0),
        ('gladys.rim@epita.fr', 2020, 'PM_AGILE', 2, '2020-11-02', '10:00:00', '13:00:00', 0),
        ('gladys.rim@epita.fr', 2020, 'PM_AGILE', 2, '2020-11-09', '10:00:00', '13:00:00', 0),
        ('gladys.rim@epita.fr', 2020, 'PM_AGILE', 2, '2020-11-16', '10:00:00', '13:00:00', 1),
        ('gladys.rim@epita.fr', 2020, 'PM_AGILE', 2, '2020-11-23', '10:00:00', '13:00:00', 1),
        ('gladys.rim@epita.fr', 2020, 'PM_AGILE', 2, '2020-11-30', '10:00:00', '13:00:00', 1),
        ('albina.glick@epita.fr', 2020, 'PM_AGILE', 2, '2020-11-02', '10:00:00', '13:00:00', 0),
        ('albina.glick@epita.fr', 2020, 'PM_AGILE', 2, '2020-11-09', '10:00:00', '13:00:00', 1),
        ('albina.glick@epita.fr', 2020, 'PM_AGILE', 2, '2020-11-16', '10:00:00', '13:00:00', 1),
        ('albina.glick@epita.fr', 2020, 'PM_AGILE', 2, '2020-11-23', '10:00:00', '13:00:00', 1),
        ('albina.glick@epita.fr', 2020, 'PM_AGILE', 2, '2020-11-30', '10:00:00', '13:00:00', 0),
        ('marjory.mastella@epita.fr', 2020, 'SE_ADV_DB', 2, '2020-09-29', '10:00:00', '12:00:00', 1),
        ('marjory.mastella@epita.fr', 2020, 'SE_ADV_DB', 2, '2020-10-06', '10:00:00', '12:00:00', 1),
        ('marjory.mastella@epita.fr', 2020, 'SE_ADV_DB', 2, '2020-10-13', '10:00:00', '12:00:00', 0),
        ('marjory.mastella@epita.fr', 2020, 'SE_ADV_DB', 2, '2020-10-20', '10:00:00', '12:00:00', 0),
        ('marjory.mastella@epita.fr', 2020, 'SE_ADV_DB', 2, '2020-10-27', '10:00:00', '12:00:00', 0),
        ('marjory.mastella@epita.fr', 2020, 'SE_ADV_DB', 2, '2020-11-03', '10:00:00', '12:00:00', 1),
        ('marjory.mastella@epita.fr', 2020, 'SE_ADV_DB', 2, '2020-11-10', '10:00:00', '12:00:00', 0),
        ('marjory.mastella@epita.fr', 2020, 'SE_ADV_DB', 2, '2020-11-17', '10:00:00', '12:00:00', 1),
        ('marjory.mastella@epita.fr', 2020, 'SE_ADV_DB', 2, '2020-11-24', '10:00:00', '12:00:00', 1),
        ('marjory.mastella@epita.fr', 2020, 'SE_ADV_DB', 2, '2020-12-01', '10:00:00', '13:00:00', 1),
        ('leota.dilliard@epita.fr', 2020, 'SE_ADV_DB', 2, '2020-09-29', '10:00:00', '12:00:00', 1),
        ('leota.dilliard@epita.fr', 2020, 'SE_ADV_DB', 2, '2020-10-06', '10:00:00', '12:00:00', 1),
        ('leota.dilliard@epita.fr', 2020, 'SE_ADV_DB', 2, '2020-10-13', '10:00:00', '12:00:00', 1),
        ('leota.dilliard@epita.fr', 2020, 'SE_ADV_DB', 2, '2020-10-20', '10:00:00', '12:00:00', 1),
        ('leota.dilliard@epita.fr', 2020, 'SE_ADV_DB', 2, '2020-10-27', '10:00:00', '12:00:00', 1),
        ('leota.dilliard@epita.fr', 2020, 'SE_ADV_DB', 2, '2020-11-03', '10:00:00', '12:00:00', 1),
        ('leota.dilliard@epita.fr', 2020, 'SE_ADV_DB', 2, '2020-11-10', '10:00:00', '12:00:00', 1),
        ('leota.dilliard@epita.fr', 2020, 'SE_ADV_DB', 2, '2020-11-17', '10:00:00', '12:00:00', 1),
        ('leota.dilliard@epita.fr', 2020, 'SE_ADV_DB', 2, '2020-11-24', '10:00:00', '12:00:00', 1),
        ('leota.dilliard@epita.fr', 2020, 'SE_ADV_DB', 2, '2020-12-01', '10:00:00', '13:00:00', 1),
        ('kris.marrier@epita.fr', 2020, 'SE_ADV_DB', 2, '2020-09-29', '10:00:00', '12:00:00', 1),
        ('kris.marrier@epita.fr', 2020, 'SE_ADV_DB', 2, '2020-10-06', '10:00:00', '12:00:00', 1),
        ('kris.marrier@epita.fr', 2020, 'SE_ADV_DB', 2, '2020-10-13', '10:00:00', '12:00:00', 1),
        ('kris.marrier@epita.fr', 2020, 'SE_ADV_DB', 2, '2020-10-20', '10:00:00', '12:00:00', 1),
        ('kris.marrier@epita.fr', 2020, 'SE_ADV_DB', 2, '2020-10-27', '10:00:00', '12:00:00', 0),
        ('kris.marrier@epita.fr', 2020, 'SE_ADV_DB', 2, '2020-11-03', '10:00:00', '12:00:00', 1),
        ('kris.marrier@epita.fr', 2020, 'SE_ADV_DB', 2, '2020-11-10', '10:00:00', '12:00:00', 0),
        ('kris.marrier@epita.fr', 2020, 'SE_ADV_DB', 2, '2020-11-17', '10:00:00', '12:00:00', 1),
        ('kris.marrier@epita.fr', 2020, 'SE_ADV_DB', 2, '2020-11-24', '10:00:00', '12:00:00', 1),
        ('kris.marrier@epita.fr', 2020, 'SE_ADV_DB', 2, '2020-12-01', '10:00:00', '13:00:00', 1),
        ('viva.toelkes@epita.fr', 2020, 'SE_ADV_DB', 2, '2020-09-29', '10:00:00', '12:00:00', 0),
        ('viva.toelkes@epita.fr', 2020, 'SE_ADV_DB', 2, '2020-10-06', '10:00:00', '12:00:00', 1),
        ('viva.toelkes@epita.fr', 2020, 'SE_ADV_DB', 2, '2020-10-13', '10:00:00', '12:00:00', 1),
        ('viva.toelkes@epita.fr', 2020, 'SE_ADV_DB', 2, '2020-10-20', '10:00:00', '12:00:00', 1),
        ('viva.toelkes@epita.fr', 2020, 'SE_ADV_DB', 2, '2020-10-27', '10:00:00', '12:00:00', 1),
        ('viva.toelkes@epita.fr', 2020, 'SE_ADV_DB', 2, '2020-11-03', '10:00:00', '12:00:00', 1),
        ('viva.toelkes@epita.fr', 2020, 'SE_ADV_DB', 2, '2020-11-10', '10:00:00', '12:00:00', 0),
        ('viva.toelkes@epita.fr', 2020, 'SE_ADV_DB', 2, '2020-11-17', '10:00:00', '12:00:00', 1),
        ('viva.toelkes@epita.fr', 2020, 'SE_ADV_DB', 2, '2020-11-24', '10:00:00', '12:00:00', 1),
        ('viva.toelkes@epita.fr', 2020, 'SE_ADV_DB', 2, '2020-12-01', '10:00:00', '13:00:00', 1),
        ('timothy.mulqueen@epita.fr', 2020, 'SE_ADV_DB', 2, '2020-09-29', '10:00:00', '12:00:00', 1),
        ('timothy.mulqueen@epita.fr', 2020, 'SE_ADV_DB', 2, '2020-10-06', '10:00:00', '12:00:00', 1),
        ('timothy.mulqueen@epita.fr', 2020, 'SE_ADV_DB', 2, '2020-10-13', '10:00:00', '12:00:00', 1),
        ('timothy.mulqueen@epita.fr', 2020, 'SE_ADV_DB', 2, '2020-10-20', '10:00:00', '12:00:00', 1),
        ('timothy.mulqueen@epita.fr', 2020, 'SE_ADV_DB', 2, '2020-10-27', '10:00:00', '12:00:00', 0),
        ('timothy.mulqueen@epita.fr', 2020, 'SE_ADV_DB', 2, '2020-11-03', '10:00:00', '12:00:00', 0),
        ('timothy.mulqueen@epita.fr', 2020, 'SE_ADV_DB', 2, '2020-11-10', '10:00:00', '12:00:00', 1),
        ('timothy.mulqueen@epita.fr', 2020, 'SE_ADV_DB', 2, '2020-11-17', '10:00:00', '12:00:00', 1),
        ('timothy.mulqueen@epita.fr', 2020, 'SE_ADV_DB', 2, '2020-11-24', '10:00:00', '12:00:00', 0),
        ('timothy.mulqueen@epita.fr', 2020, 'SE_ADV_DB', 2, '2020-12-01', '10:00:00', '13:00:00', 1),
        ('gladys.rim@epita.fr', 2020, 'MK_COM_FOR_LEADER', 1, '2021-01-25', '14:30:00', '16:30:00', 0),
        ('gladys.rim@epita.fr', 2020, 'MK_COM_FOR_LEADER', 1, '2021-02-01', '14:30:00', '16:30:00', 1),
        ('gladys.rim@epita.fr', 2020, 'MK_COM_FOR_LEADER', 1, '2021-02-08', '14:30:00', '16:30:00', 1),
        ('gladys.rim@epita.fr', 2020, 'MK_COM_FOR_LEADER', 1, '2021-03-01', '14:00:00', '16:00:00', 1),
        ('gladys.rim@epita.fr', 2020, 'MK_COM_FOR_LEADER', 1, '2021-03-01', '16:00:00', '17:00:00', 0),
        ('gladys.rim@epita.fr', 2020, 'MK_COM_FOR_LEADER', 1, '2021-03-05', '14:00:00', '16:00:00', 0),
        ('albina.glick@epita.fr', 2020, 'MK_COM_FOR_LEADER', 1, '2021-01-25', '14:30:00', '16:30:00', 1),
        ('albina.glick@epita.fr', 2020, 'MK_COM_FOR_LEADER', 1, '2021-02-01', '14:30:00', '16:30:00', 0),
        ('albina.glick@epita.fr', 2020, 'MK_COM_FOR_LEADER', 1, '2021-02-08', '14:30:00', '16:30:00', 1),
        ('albina.glick@epita.fr', 2020, 'MK_COM_FOR_LEADER', 1, '2021-03-01', '14:00:00', '16:00:00', 1),
        ('albina.glick@epita.fr', 2020, 'MK_COM_FOR_LEADER', 1, '2021-03-01', '16:00:00', '17:00:00', 1),
        ('albina.glick@epita.fr', 2020, 'MK_COM_FOR_LEADER', 1, '2021-03-05', '14:00:00', '16:00:00', 1),
        ('gladys.rim@epita.fr', 2020, 'DT_RDBMS', 3, '2021-01-04', '09:00:00', '11:00:00', 1),
        ('gladys.rim@epita.fr', 2020, 'DT_RDBMS', 3, '2021-01-11', '09:00:00', '11:00:00', 1),
        ('gladys.rim@epita.fr', 2020, 'DT_RDBMS', 3, '2021-01-18', '09:00:00', '11:00:00', 1),
        ('gladys.rim@epita.fr', 2020, 'DT_RDBMS', 3, '2021-01-25', '09:00:00', '11:00:00', 1),
        ('gladys.rim@epita.fr', 2020, 'DT_RDBMS', 3, '2021-02-01', '09:00:00', '11:00:00', 1),
        ('gladys.rim@epita.fr', 2020, 'DT_RDBMS', 3, '2021-02-08', '09:00:00', '11:00:00', 1),
        ('gladys.rim@epita.fr', 2020, 'DT_RDBMS', 3, '2021-01-04', '11:00:00', '13:00:00', 1),
        ('gladys.rim@epita.fr', 2020, 'DT_RDBMS', 3, '2021-01-11', '11:00:00', '13:00:00', 0),
        ('gladys.rim@epita.fr', 2020, 'DT_RDBMS', 3, '2021-01-18', '11:00:00', '13:00:00', 0),
        ('albina.glick@epita.fr', 2020, 'DT_RDBMS', 3, '2021-01-04', '09:00:00', '11:00:00', 1),
        ('albina.glick@epita.fr', 2020, 'DT_RDBMS', 3, '2021-01-11', '09:00:00', '11:00:00', 1),
        ('albina.glick@epita.fr', 2020, 'DT_RDBMS', 3, '2021-01-18', '09:00:00', '11:00:00', 1),
        ('albina.glick@epita.fr', 2020, 'DT_RDBMS', 3, '2021-01-25', '09:00:00', '11:00:00', 1),
        ('albina.glick@epita.fr', 2020, 'DT_RDBMS', 3, '2021-02-01', '09:00:00', '11:00:00', 1),
        ('albina.glick@epita.fr', 2020, 'DT_RDBMS', 3, '2021-02-08', '09:00:00', '11:00:00', 1),
        ('albina.glick@epita.fr', 2020, 'DT_RDBMS', 3, '2021-01-04', '11:00:00', '13:00:00', 1),
        ('albina.glick@epita.fr', 2020, 'DT_RDBMS', 3, '2021-01-11', '11:00:00', '13:00:00', 1),
        ('albina.glick@epita.fr', 2020, 'DT_RDBMS', 3, '2021-01-18', '11:00:00', '13:00:00', 1),
        ('marjory.mastella@epita.fr', 2020, 'DT_RDBMS', 3, '2021-01-04', '09:00:00', '11:00:00', 1),
        ('marjory.mastella@epita.fr', 2020, 'DT_RDBMS', 3, '2021-01-11', '09:00:00', '11:00:00', 1),
        ('marjory.mastella@epita.fr', 2020, 'DT_RDBMS', 3, '2021-01-18', '09:00:00', '11:00:00', 1),
        ('marjory.mastella@epita.fr', 2020, 'DT_RDBMS', 3, '2021-01-25', '09:00:00', '11:00:00', 0),
        ('marjory.mastella@epita.fr', 2020, 'DT_RDBMS', 3, '2021-02-01', '09:00:00', '11:00:00', 1),
        ('marjory.mastella@epita.fr', 2020, 'DT_RDBMS', 3, '2021-02-08', '09:00:00', '11:00:00', 1),
        ('marjory.mastella@epita.fr', 2020, 'DT_RDBMS', 3, '2021-01-04', '11:00:00', '13:00:00', 0),
        ('marjory.mastella@epita.fr', 2020, 'DT_RDBMS', 3, '2021-01-11', '11:00:00', '13:00:00', 1),
        ('marjory.mastella@epita.fr', 2020, 'DT_RDBMS', 3, '2021-01-18', '11:00:00', '13:00:00', 1),
        ('leota.dilliard@epita.fr', 2020, 'DT_RDBMS', 3, '2021-01-04', '09:00:00', '11:00:00', 1),
        ('leota.dilliard@epita.fr', 2020, 'DT_RDBMS', 3, '2021-01-11', '09:00:00', '11:00:00', 0),
        ('leota.dilliard@epita.fr', 2020, 'DT_RDBMS', 3, '2021-01-18', '09:00:00', '11:00:00', 1),
        ('leota.dilliard@epita.fr', 2020, 'DT_RDBMS', 3, '2021-01-25', '09:00:00', '11:00:00', 1),
        ('leota.dilliard@epita.fr', 2020, 'DT_RDBMS', 3, '2021-02-01', '09:00:00', '11:00:00', 0),
        ('leota.dilliard@epita.fr', 2020, 'DT_RDBMS', 3, '2021-02-08', '09:00:00', '11:00:00', 1),
        ('leota.dilliard@epita.fr', 2020, 'DT_RDBMS', 3, '2021-01-04', '11:00:00', '13:00:00', 1),
        ('leota.dilliard@epita.fr', 2020, 'DT_RDBMS', 3, '2021-01-11', '11:00:00', '13:00:00', 1),
        ('leota.dilliard@epita.fr', 2020, 'DT_RDBMS', 3, '2021-01-18', '11:00:00', '13:00:00', 1),
        ('kris.marrier@epita.fr', 2020, 'DT_RDBMS', 3, '2021-01-04', '09:00:00', '11:00:00', 0),
        ('kris.marrier@epita.fr', 2020, 'DT_RDBMS', 3, '2021-01-11', '09:00:00', '11:00:00', 1),
        ('kris.marrier@epita.fr', 2020, 'DT_RDBMS', 3, '2021-01-18', '09:00:00', '11:00:00', 0),
        ('kris.marrier@epita.fr', 2020, 'DT_RDBMS', 3, '2021-01-25', '09:00:00', '11:00:00', 1),
        ('kris.marrier@epita.fr', 2020, 'DT_RDBMS', 3, '2021-02-01', '09:00:00', '11:00:00', 1),
        ('kris.marrier@epita.fr', 2020, 'DT_RDBMS', 3, '2021-02-08', '09:00:00', '11:00:00', 1),
        ('kris.marrier@epita.fr', 2020, 'DT_RDBMS', 3, '2021-01-04', '11:00:00', '13:00:00', 0),
        ('kris.marrier@epita.fr', 2020, 'DT_RDBMS', 3, '2021-01-11', '11:00:00', '13:00:00', 1),
        ('kris.marrier@epita.fr', 2020, 'DT_RDBMS', 3, '2021-01-18', '11:00:00', '13:00:00', 1),
        ('bernardo.figeroa@epita.fr', 2020, 'DT_RDBMS', 3, '2021-01-04', '09:00:00', '11:00:00', 0),
        ('bernardo.figeroa@epita.fr', 2020, 'DT_RDBMS', 3, '2021-01-11', '09:00:00', '11:00:00', 0),
        ('bernardo.figeroa@epita.fr', 2020, 'DT_RDBMS', 3, '2021-01-18', '09:00:00', '11:00:00', 1),
        ('bernardo.figeroa@epita.fr', 2020, 'DT_RDBMS', 3, '2021-01-25', '09:00:00', '11:00:00', 0),
        ('bernardo.figeroa@epita.fr', 2020, 'DT_RDBMS', 3, '2021-02-01', '09:00:00', '11:00:00', 0),
        ('bernardo.figeroa@epita.fr', 2020, 'DT_RDBMS', 3, '2021-02-08', '09:00:00', '11:00:00', 1),
        ('bernardo.figeroa@epita.fr', 2020, 'DT_RDBMS', 3, '2021-01-04', '11:00:00', '13:00:00', 1),
        ('bernardo.figeroa@epita.fr', 2020, 'DT_RDBMS', 3, '2021-01-11', '11:00:00', '13:00:00', 1),
        ('bernardo.figeroa@epita.fr', 2020, 'DT_RDBMS', 3, '2021-01-18', '11:00:00', '13:00:00', 1),
        ('cecily.hollack@epita.fr', 2020, 'DT_RDBMS', 3, '2021-01-04', '09:00:00', '11:00:00', 1),
        ('cecily.hollack@epita.fr', 2020, 'DT_RDBMS', 3, '2021-01-11', '09:00:00', '11:00:00', 1),
        ('cecily.hollack@epita.fr', 2020, 'DT_RDBMS', 3, '2021-01-18', '09:00:00', '11:00:00', 0),
        ('cecily.hollack@epita.fr', 2020, 'DT_RDBMS', 3, '2021-01-25', '09:00:00', '11:00:00', 0),
        ('cecily.hollack@epita.fr', 2020, 'DT_RDBMS', 3, '2021-02-01', '09:00:00', '11:00:00', 1),
        ('cecily.hollack@epita.fr', 2020, 'DT_RDBMS', 3, '2021-02-08', '09:00:00', '11:00:00', 1),
        ('cecily.hollack@epita.fr', 2020, 'DT_RDBMS', 3, '2021-01-04', '11:00:00', '13:00:00', 1),
        ('cecily.hollack@epita.fr', 2020, 'DT_RDBMS', 3, '2021-01-11', '11:00:00', '13:00:00', 0),
        ('cecily.hollack@epita.fr', 2020, 'DT_RDBMS', 3, '2021-01-18', '11:00:00', '13:00:00', 1),
        ('laurel.reitler@epita.fr', 2020, 'DT_RDBMS', 3, '2021-01-04', '09:00:00', '11:00:00', 1),
        ('laurel.reitler@epita.fr', 2020, 'DT_RDBMS', 3, '2021-01-11', '09:00:00', '11:00:00', 1),
        ('laurel.reitler@epita.fr', 2020, 'DT_RDBMS', 3, '2021-01-18', '09:00:00', '11:00:00', 1),
        ('laurel.reitler@epita.fr', 2020, 'DT_RDBMS', 3, '2021-01-25', '09:00:00', '11:00:00', 1),
        ('laurel.reitler@epita.fr', 2020, 'DT_RDBMS', 3, '2021-02-01', '09:00:00', '11:00:00', 0),
        ('laurel.reitler@epita.fr', 2020, 'DT_RDBMS', 3, '2021-02-08', '09:00:00', '11:00:00', 0),
        ('laurel.reitler@epita.fr', 2020, 'DT_RDBMS', 3, '2021-01-04', '11:00:00', '13:00:00', 1),
        ('laurel.reitler@epita.fr', 2020, 'DT_RDBMS', 3, '2021-01-11', '11:00:00', '13:00:00', 0),
        ('laurel.reitler@epita.fr', 2020, 'DT_RDBMS', 3, '2021-01-18', '11:00:00', '13:00:00', 1),
        ('tamar.hoogland@epita.fr', 2020, 'DT_RDBMS', 3, '2021-01-04', '09:00:00', '11:00:00', 0),
        ('tamar.hoogland@epita.fr', 2020, 'DT_RDBMS', 3, '2021-01-11', '09:00:00', '11:00:00', 1),
        ('tamar.hoogland@epita.fr', 2020, 'DT_RDBMS', 3, '2021-01-18', '09:00:00', '11:00:00', 1),
        ('tamar.hoogland@epita.fr', 2020, 'DT_RDBMS', 3, '2021-01-25', '09:00:00', '11:00:00', 1),
        ('tamar.hoogland@epita.fr', 2020, 'DT_RDBMS', 3, '2021-02-01', '09:00:00', '11:00:00', 1),
        ('tamar.hoogland@epita.fr', 2020, 'DT_RDBMS', 3, '2021-02-08', '09:00:00', '11:00:00', 1),
        ('tamar.hoogland@epita.fr', 2020, 'DT_RDBMS', 3, '2021-01-04', '11:00:00', '13:00:00', 0),
        ('tamar.hoogland@epita.fr', 2020, 'DT_RDBMS', 3, '2021-01-11', '11:00:00', '13:00:00', 1),
        ('tamar.hoogland@epita.fr', 2020, 'DT_RDBMS', 3, '2021-01-18', '11:00:00', '13:00:00', 1),
        ('lettie.isenhower@epita.fr', 2020, 'DT_RDBMS', 3, '2021-01-04', '09:00:00', '11:00:00', 1),
        ('lettie.isenhower@epita.fr', 2020, 'DT_RDBMS', 3, '2021-01-11', '09:00:00', '11:00:00', 1),
        ('lettie.isenhower@epita.fr', 2020, 'DT_RDBMS', 3, '2021-01-18', '09:00:00', '11:00:00', 1),
        ('lettie.isenhower@epita.fr', 2020, 'DT_RDBMS', 3, '2021-01-25', '09:00:00', '11:00:00', 0),
        ('lettie.isenhower@epita.fr', 2020, 'DT_RDBMS', 3, '2021-02-01', '09:00:00', '11:00:00', 0),
        ('lettie.isenhower@epita.fr', 2020, 'DT_RDBMS', 3, '2021-02-08', '09:00:00', '11:00:00', 1),
        ('lettie.isenhower@epita.fr', 2020, 'DT_RDBMS', 3, '2021-01-04', '11:00:00', '13:00:00', 0),
        ('lettie.isenhower@epita.fr', 2020, 'DT_RDBMS', 3, '2021-01-11', '11:00:00', '13:00:00', 1),
        ('lettie.isenhower@epita.fr', 2020, 'DT_RDBMS', 3, '2021-01-18', '11:00:00', '13:00:00', 0),
        ('bette.nicka@epita.fr', 2020, 'DT_RDBMS', 3, '2021-01-04', '09:00:00', '11:00:00', 0),
        ('bette.nicka@epita.fr', 2020, 'DT_RDBMS', 3, '2021-01-11', '09:00:00', '11:00:00', 1),
        ('bette.nicka@epita.fr', 2020, 'DT_RDBMS', 3, '2021-01-18', '09:00:00', '11:00:00', 1),
        ('bette.nicka@epita.fr', 2020, 'DT_RDBMS', 3, '2021-01-25', '09:00:00', '11:00:00', 0),
        ('bette.nicka@epita.fr', 2020, 'DT_RDBMS', 3, '2021-02-01', '09:00:00', '11:00:00', 1),
        ('bette.nicka@epita.fr', 2020, 'DT_RDBMS', 3, '2021-02-08', '09:00:00', '11:00:00', 1),
        ('bette.nicka@epita.fr', 2020, 'DT_RDBMS', 3, '2021-01-04', '11:00:00', '13:00:00', 1),
        ('bette.nicka@epita.fr', 2020, 'DT_RDBMS', 3, '2021-01-11', '11:00:00', '13:00:00', 1),
        ('bette.nicka@epita.fr', 2020, 'DT_RDBMS', 3, '2021-01-18', '11:00:00', '13:00:00', 1),
        ('viva.toelkes@epita.fr', 2020, 'DT_RDBMS', 3, '2021-01-04', '09:00:00', '11:00:00', 1),
        ('viva.toelkes@epita.fr', 2020, 'DT_RDBMS', 3, '2021-01-11', '09:00:00', '11:00:00', 1),
        ('viva.toelkes@epita.fr', 2020, 'DT_RDBMS', 3, '2021-01-18', '09:00:00', '11:00:00', 1),
        ('viva.toelkes@epita.fr', 2020, 'DT_RDBMS', 3, '2021-01-25', '09:00:00', '11:00:00', 1),
        ('viva.toelkes@epita.fr', 2020, 'DT_RDBMS', 3, '2021-02-01', '09:00:00', '11:00:00', 1),
        ('viva.toelkes@epita.fr', 2020, 'DT_RDBMS', 3, '2021-02-08', '09:00:00', '11:00:00', 0),
        ('viva.toelkes@epita.fr', 2020, 'DT_RDBMS', 3, '2021-01-04', '11:00:00', '13:00:00', 1),
        ('viva.toelkes@epita.fr', 2020, 'DT_RDBMS', 3, '2021-01-11', '11:00:00', '13:00:00', 1),
        ('viva.toelkes@epita.fr', 2020, 'DT_RDBMS', 3, '2021-01-18', '11:00:00', '13:00:00', 1),
        ('rozella.ostrosky@epita.fr', 2020, 'DT_RDBMS', 3, '2021-01-04', '09:00:00', '11:00:00', 1),
        ('rozella.ostrosky@epita.fr', 2020, 'DT_RDBMS', 3, '2021-01-11', '09:00:00', '11:00:00', 1),
        ('rozella.ostrosky@epita.fr', 2020, 'DT_RDBMS', 3, '2021-01-18', '09:00:00', '11:00:00', 0),
        ('rozella.ostrosky@epita.fr', 2020, 'DT_RDBMS', 3, '2021-01-25', '09:00:00', '11:00:00', 1),
        ('rozella.ostrosky@epita.fr', 2020, 'DT_RDBMS', 3, '2021-02-01', '09:00:00', '11:00:00', 1),
        ('rozella.ostrosky@epita.fr', 2020, 'DT_RDBMS', 3, '2021-02-08', '09:00:00', '11:00:00', 0),
        ('rozella.ostrosky@epita.fr', 2020, 'DT_RDBMS', 3, '2021-01-04', '11:00:00', '13:00:00', 1),
        ('rozella.ostrosky@epita.fr', 2020, 'DT_RDBMS', 3, '2021-01-11', '11:00:00', '13:00:00', 1),
        ('rozella.ostrosky@epita.fr', 2020, 'DT_RDBMS', 3, '2021-01-18', '11:00:00', '13:00:00', 1),
        ('malinda.hochard@epita.fr', 2020, 'DT_RDBMS', 3, '2021-01-04', '09:00:00', '11:00:00', 1),
        ('malinda.hochard@epita.fr', 2020, 'DT_RDBMS', 3, '2021-01-11', '09:00:00', '11:00:00', 1),
        ('malinda.hochard@epita.fr', 2020, 'DT_RDBMS', 3, '2021-01-18', '09:00:00', '11:00:00', 0),
        ('malinda.hochard@epita.fr', 2020, 'DT_RDBMS', 3, '2021-01-25', '09:00:00', '11:00:00', 0),
        ('malinda.hochard@epita.fr', 2020, 'DT_RDBMS', 3, '2021-02-01', '09:00:00', '11:00:00', 0),
        ('malinda.hochard@epita.fr', 2020, 'DT_RDBMS', 3, '2021-02-08', '09:00:00', '11:00:00', 1),
        ('malinda.hochard@epita.fr', 2020, 'DT_RDBMS', 3, '2021-01-04', '11:00:00', '13:00:00', 1),
        ('malinda.hochard@epita.fr', 2020, 'DT_RDBMS', 3, '2021-01-11', '11:00:00', '13:00:00', 1),
        ('malinda.hochard@epita.fr', 2020, 'DT_RDBMS', 3, '2021-01-18', '11:00:00', '13:00:00', 1),
        ('kiley.caldarera@epita.fr', 2020, 'DT_RDBMS', 3, '2021-01-04', '09:00:00', '11:00:00', 1),
        ('kiley.caldarera@epita.fr', 2020, 'DT_RDBMS', 3, '2021-01-11', '09:00:00', '11:00:00', 1),
        ('kiley.caldarera@epita.fr', 2020, 'DT_RDBMS', 3, '2021-01-18', '09:00:00', '11:00:00', 0),
        ('kiley.caldarera@epita.fr', 2020, 'DT_RDBMS', 3, '2021-01-25', '09:00:00', '11:00:00', 1),
        ('kiley.caldarera@epita.fr', 2020, 'DT_RDBMS', 3, '2021-02-01', '09:00:00', '11:00:00', 1),
        ('kiley.caldarera@epita.fr', 2020, 'DT_RDBMS', 3, '2021-02-08', '09:00:00', '11:00:00', 1),
        ('kiley.caldarera@epita.fr', 2020, 'DT_RDBMS', 3, '2021-01-04', '11:00:00', '13:00:00', 1),
        ('kiley.caldarera@epita.fr', 2020, 'DT_RDBMS', 3, '2021-01-11', '11:00:00', '13:00:00', 1),
        ('kiley.caldarera@epita.fr', 2020, 'DT_RDBMS', 3, '2021-01-18', '11:00:00', '13:00:00', 1),
        ('timothy.mulqueen@epita.fr', 2020, 'DT_RDBMS', 3, '2021-01-04', '09:00:00', '11:00:00', 1),
        ('timothy.mulqueen@epita.fr', 2020, 'DT_RDBMS', 3, '2021-01-11', '09:00:00', '11:00:00', 0),
        ('timothy.mulqueen@epita.fr', 2020, 'DT_RDBMS', 3, '2021-01-18', '09:00:00', '11:00:00', 0),
        ('timothy.mulqueen@epita.fr', 2020, 'DT_RDBMS', 3, '2021-01-25', '09:00:00', '11:00:00', 1),
        ('timothy.mulqueen@epita.fr', 2020, 'DT_RDBMS', 3, '2021-02-01', '09:00:00', '11:00:00', 0),
        ('timothy.mulqueen@epita.fr', 2020, 'DT_RDBMS', 3, '2021-02-08', '09:00:00', '11:00:00', 1),
        ('timothy.mulqueen@epita.fr', 2020, 'DT_RDBMS', 3, '2021-01-04', '11:00:00', '13:00:00', 1),
        ('timothy.mulqueen@epita.fr', 2020, 'DT_RDBMS', 3, '2021-01-11', '11:00:00', '13:00:00', 1),
        ('timothy.mulqueen@epita.fr', 2020, 'DT_RDBMS', 3, '2021-01-18', '11:00:00', '13:00:00', 1),
        ('moon.parlato@epita.fr', 2020, 'DT_RDBMS', 3, '2021-01-04', '09:00:00', '11:00:00', 0),
        ('moon.parlato@epita.fr', 2020, 'DT_RDBMS', 3, '2021-01-11', '09:00:00', '11:00:00', 0),
        ('moon.parlato@epita.fr', 2020, 'DT_RDBMS', 3, '2021-01-18', '09:00:00', '11:00:00', 0),
        ('moon.parlato@epita.fr', 2020, 'DT_RDBMS', 3, '2021-01-25', '09:00:00', '11:00:00', 1),
        ('moon.parlato@epita.fr', 2020, 'DT_RDBMS', 3, '2021-02-01', '09:00:00', '11:00:00', 1),
        ('moon.parlato@epita.fr', 2020, 'DT_RDBMS', 3, '2021-02-08', '09:00:00', '11:00:00', 1),
        ('moon.parlato@epita.fr', 2020, 'DT_RDBMS', 3, '2021-01-04', '11:00:00', '13:00:00', 1),
        ('moon.parlato@epita.fr', 2020, 'DT_RDBMS', 3, '2021-01-11', '11:00:00', '13:00:00', 1),
        ('moon.parlato@epita.fr', 2020, 'DT_RDBMS', 3, '2021-01-18', '11:00:00', '13:00:00', 0),
        ('blondell.pugh@epita.fr', 2020, 'DT_RDBMS', 3, '2021-01-04', '09:00:00', '11:00:00', 1),
        ('blondell.pugh@epita.fr', 2020, 'DT_RDBMS', 3, '2021-01-11', '09:00:00', '11:00:00', 1),
        ('blondell.pugh@epita.fr', 2020, 'DT_RDBMS', 3, '2021-01-18', '09:00:00', '11:00:00', 0),
        ('blondell.pugh@epita.fr', 2020, 'DT_RDBMS', 3, '2021-01-25', '09:00:00', '11:00:00', 1),
        ('blondell.pugh@epita.fr', 2020, 'DT_RDBMS', 3, '2021-02-01', '09:00:00', '11:00:00', 1),
        ('blondell.pugh@epita.fr', 2020, 'DT_RDBMS', 3, '2021-02-08', '09:00:00', '11:00:00', 0),
        ('blondell.pugh@epita.fr', 2020, 'DT_RDBMS', 3, '2021-01-04', '11:00:00', '13:00:00', 1),
        ('blondell.pugh@epita.fr', 2020, 'DT_RDBMS', 3, '2021-01-11', '11:00:00', '13:00:00', 0),
        ('blondell.pugh@epita.fr', 2020, 'DT_RDBMS', 3, '2021-01-18', '11:00:00', '13:00:00', 1),
        ('jina.briddick@epita.fr', 2020, 'DT_RDBMS', 3, '2021-01-04', '09:00:00', '11:00:00', 1),
        ('jina.briddick@epita.fr', 2020, 'DT_RDBMS', 3, '2021-01-11', '09:00:00', '11:00:00', 1),
        ('jina.briddick@epita.fr', 2020, 'DT_RDBMS', 3, '2021-01-18', '09:00:00', '11:00:00', 0),
        ('jina.briddick@epita.fr', 2020, 'DT_RDBMS', 3, '2021-01-25', '09:00:00', '11:00:00', 1),
        ('jina.briddick@epita.fr', 2020, 'DT_RDBMS', 3, '2021-02-01', '09:00:00', '11:00:00', 1),
        ('jina.briddick@epita.fr', 2020, 'DT_RDBMS', 3, '2021-02-08', '09:00:00', '11:00:00', 1),
        ('jina.briddick@epita.fr', 2020, 'DT_RDBMS', 3, '2021-01-04', '11:00:00', '13:00:00', 1),
        ('jina.briddick@epita.fr', 2020, 'DT_RDBMS', 3, '2021-01-11', '11:00:00', '13:00:00', 1),
        ('jina.briddick@epita.fr', 2020, 'DT_RDBMS', 3, '2021-01-18', '11:00:00', '13:00:00', 0),
        ('gladys.rim@epita.fr', 2020, 'PG_PYTHON', 2, '2020-09-28', '08:00:00', '12:00:00', 1),
        ('albina.glick@epita.fr', 2020, 'PG_PYTHON', 2, '2020-09-28', '08:00:00', '12:00:00', 1),
        ('marjory.mastella@epita.fr', 2020, 'PG_PYTHON', 2, '2020-09-28', '08:00:00', '12:00:00', 0),
        ('leota.dilliard@epita.fr', 2020, 'PG_PYTHON', 2, '2020-09-28', '08:00:00', '12:00:00', 1),
        ('kris.marrier@epita.fr', 2020, 'PG_PYTHON', 2, '2020-09-28', '08:00:00', '12:00:00', 0),
        ('bernardo.figeroa@epita.fr', 2020, 'PG_PYTHON', 2, '2020-09-28', '08:00:00', '12:00:00', 1),
        ('cecily.hollack@epita.fr', 2020, 'PG_PYTHON', 2, '2020-09-28', '08:00:00', '12:00:00', 1),
        ('laurel.reitler@epita.fr', 2020, 'PG_PYTHON', 2, '2020-09-28', '08:00:00', '12:00:00', 0),
        ('tamar.hoogland@epita.fr', 2020, 'PG_PYTHON', 2, '2020-09-28', '08:00:00', '12:00:00', 1),
        ('lettie.isenhower@epita.fr', 2020, 'PG_PYTHON', 2, '2020-09-28', '08:00:00', '12:00:00', 0),
        ('bette.nicka@epita.fr', 2020, 'PG_PYTHON', 2, '2020-09-28', '08:00:00', '12:00:00', 0),
        ('viva.toelkes@epita.fr', 2020, 'PG_PYTHON', 2, '2020-09-28', '08:00:00', '12:00:00', 1),
        ('rozella.ostrosky@epita.fr', 2020, 'PG_PYTHON', 2, '2020-09-28', '08:00:00', '12:00:00', 1),
        ('malinda.hochard@epita.fr', 2020, 'PG_PYTHON', 2, '2020-09-28', '08:00:00', '12:00:00', 1),
        ('kiley.caldarera@epita.fr', 2020, 'PG_PYTHON', 2, '2020-09-28', '08:00:00', '12:00:00', 0),
        ('timothy.mulqueen@epita.fr', 2020, 'PG_PYTHON', 2, '2020-09-28', '08:00:00', '12:00:00', 1),
        ('moon.parlato@epita.fr', 2020, 'PG_PYTHON', 2, '2020-09-28', '08:00:00', '12:00:00', 0),
        ('blondell.pugh@epita.fr', 2020, 'PG_PYTHON', 2, '2020-09-28', '08:00:00', '12:00:00', 1),
        ('simona.morasca@epita.fr', 2021, 'SE_ADV_DB', 2, '2021-05-04', '11:00:00', '13:00:00', 1),
        ('simona.morasca@epita.fr', 2021, 'SE_ADV_DB', 2, '2021-05-04', '16:00:00', '18:00:00', 1),
        ('simona.morasca@epita.fr', 2021, 'SE_ADV_DB', 2, '2021-05-10', '15:00:00', '17:00:00', 0),
        ('simona.morasca@epita.fr', 2021, 'SE_ADV_DB', 2, '2021-05-10', '11:00:00', '13:00:00', 0),
        ('simona.morasca@epita.fr', 2021, 'SE_ADV_DB', 2, '2021-05-10', '13:00:00', '15:00:00', 1),
        ('simona.morasca@epita.fr', 2021, 'SE_ADV_DB', 2, '2021-05-11', '09:00:00', '11:00:00', 1),
        ('simona.morasca@epita.fr', 2021, 'SE_ADV_DB', 2, '2021-05-11', '11:00:00', '13:00:00', 1),
        ('simona.morasca@epita.fr', 2021, 'SE_ADV_DB', 2, '2021-05-11', '14:00:00', '18:00:00', 0),
        ('simona.morasca@epita.fr', 2021, 'SE_ADV_DB', 2, '2021-05-17', '10:00:00', '12:00:00', 1),
        ('simona.morasca@epita.fr', 2021, 'SE_ADV_DB', 2, '2021-05-17', '13:00:00', '15:00:00', 1),
        ('cammy.albares@epita.fr', 2021, 'SE_ADV_DB', 2, '2021-05-04', '11:00:00', '13:00:00', 1),
        ('cammy.albares@epita.fr', 2021, 'SE_ADV_DB', 2, '2021-05-04', '16:00:00', '18:00:00', 0),
        ('cammy.albares@epita.fr', 2021, 'SE_ADV_DB', 2, '2021-05-10', '15:00:00', '17:00:00', 1),
        ('cammy.albares@epita.fr', 2021, 'SE_ADV_DB', 2, '2021-05-10', '11:00:00', '13:00:00', 0),
        ('cammy.albares@epita.fr', 2021, 'SE_ADV_DB', 2, '2021-05-10', '13:00:00', '15:00:00', 0),
        ('cammy.albares@epita.fr', 2021, 'SE_ADV_DB', 2, '2021-05-11', '09:00:00', '11:00:00', 0),
        ('cammy.albares@epita.fr', 2021, 'SE_ADV_DB', 2, '2021-05-11', '11:00:00', '13:00:00', 1),
        ('cammy.albares@epita.fr', 2021, 'SE_ADV_DB', 2, '2021-05-11', '14:00:00', '18:00:00', 1),
        ('cammy.albares@epita.fr', 2021, 'SE_ADV_DB', 2, '2021-05-17', '10:00:00', '12:00:00', 0),
        ('cammy.albares@epita.fr', 2021, 'SE_ADV_DB', 2, '2021-05-17', '13:00:00', '15:00:00', 0),
        ('marjory.mastella@epita.fr', 2020, 'SE_ADV_JS', 3, '2020-09-28', '15:00:00', '17:00:00', 1),
        ('marjory.mastella@epita.fr', 2020, 'SE_ADV_JS', 3, '2020-10-05', '15:00:00', '17:00:00', 1),
        ('marjory.mastella@epita.fr', 2020, 'SE_ADV_JS', 3, '2020-10-12', '15:00:00', '17:00:00', 1),
        ('marjory.mastella@epita.fr', 2020, 'SE_ADV_JS', 3, '2020-10-19', '15:00:00', '17:00:00', 1),
        ('marjory.mastella@epita.fr', 2020, 'SE_ADV_JS', 3, '2020-10-26', '15:00:00', '17:00:00', 0),
        ('marjory.mastella@epita.fr', 2020, 'SE_ADV_JS', 3, '2020-11-09', '15:00:00', '17:00:00', 1),
        ('marjory.mastella@epita.fr', 2020, 'SE_ADV_JS', 3, '2020-11-16', '15:00:00', '17:00:00', 1),
        ('marjory.mastella@epita.fr', 2020, 'SE_ADV_JS', 3, '2020-11-23', '15:00:00', '17:00:00', 1),
        ('marjory.mastella@epita.fr', 2020, 'SE_ADV_JS', 3, '2020-11-30', '15:00:00', '17:00:00', 1),
        ('marjory.mastella@epita.fr', 2020, 'SE_ADV_JS', 3, '2020-12-07', '15:00:00', '18:00:00', 1),
        ('leota.dilliard@epita.fr', 2020, 'SE_ADV_JS', 3, '2020-09-28', '15:00:00', '17:00:00', 1),
        ('leota.dilliard@epita.fr', 2020, 'SE_ADV_JS', 3, '2020-10-05', '15:00:00', '17:00:00', 1),
        ('leota.dilliard@epita.fr', 2020, 'SE_ADV_JS', 3, '2020-10-12', '15:00:00', '17:00:00', 1),
        ('leota.dilliard@epita.fr', 2020, 'SE_ADV_JS', 3, '2020-10-19', '15:00:00', '17:00:00', 0),
        ('leota.dilliard@epita.fr', 2020, 'SE_ADV_JS', 3, '2020-10-26', '15:00:00', '17:00:00', 1),
        ('leota.dilliard@epita.fr', 2020, 'SE_ADV_JS', 3, '2020-11-09', '15:00:00', '17:00:00', 1),
        ('leota.dilliard@epita.fr', 2020, 'SE_ADV_JS', 3, '2020-11-16', '15:00:00', '17:00:00', 1),
        ('leota.dilliard@epita.fr', 2020, 'SE_ADV_JS', 3, '2020-11-23', '15:00:00', '17:00:00', 0),
        ('leota.dilliard@epita.fr', 2020, 'SE_ADV_JS', 3, '2020-11-30', '15:00:00', '17:00:00', 1),
        ('leota.dilliard@epita.fr', 2020, 'SE_ADV_JS', 3, '2020-12-07', '15:00:00', '18:00:00', 1),
        ('kris.marrier@epita.fr', 2020, 'SE_ADV_JS', 3, '2020-09-28', '15:00:00', '17:00:00', 0),
        ('kris.marrier@epita.fr', 2020, 'SE_ADV_JS', 3, '2020-10-05', '15:00:00', '17:00:00', 1),
        ('kris.marrier@epita.fr', 2020, 'SE_ADV_JS', 3, '2020-10-12', '15:00:00', '17:00:00', 1),
        ('kris.marrier@epita.fr', 2020, 'SE_ADV_JS', 3, '2020-10-19', '15:00:00', '17:00:00', 1),
        ('kris.marrier@epita.fr', 2020, 'SE_ADV_JS', 3, '2020-10-26', '15:00:00', '17:00:00', 0),
        ('kris.marrier@epita.fr', 2020, 'SE_ADV_JS', 3, '2020-11-09', '15:00:00', '17:00:00', 1),
        ('kris.marrier@epita.fr', 2020, 'SE_ADV_JS', 3, '2020-11-16', '15:00:00', '17:00:00', 1),
        ('kris.marrier@epita.fr', 2020, 'SE_ADV_JS', 3, '2020-11-23', '15:00:00', '17:00:00', 1),
        ('kris.marrier@epita.fr', 2020, 'SE_ADV_JS', 3, '2020-11-30', '15:00:00', '17:00:00', 0),
        ('kris.marrier@epita.fr', 2020, 'SE_ADV_JS', 3, '2020-12-07', '15:00:00', '18:00:00', 1),
        ('viva.toelkes@epita.fr', 2020, 'SE_ADV_JS', 3, '2020-09-28', '15:00:00', '17:00:00', 0),
        ('viva.toelkes@epita.fr', 2020, 'SE_ADV_JS', 3, '2020-10-05', '15:00:00', '17:00:00', 1),
        ('viva.toelkes@epita.fr', 2020, 'SE_ADV_JS', 3, '2020-10-12', '15:00:00', '17:00:00', 0),
        ('viva.toelkes@epita.fr', 2020, 'SE_ADV_JS', 3, '2020-10-19', '15:00:00', '17:00:00', 0),
        ('viva.toelkes@epita.fr', 2020, 'SE_ADV_JS', 3, '2020-10-26', '15:00:00', '17:00:00', 1),
        ('viva.toelkes@epita.fr', 2020, 'SE_ADV_JS', 3, '2020-11-09', '15:00:00', '17:00:00', 1),
        ('viva.toelkes@epita.fr', 2020, 'SE_ADV_JS', 3, '2020-11-16', '15:00:00', '17:00:00', 0),
        ('viva.toelkes@epita.fr', 2020, 'SE_ADV_JS', 3, '2020-11-23', '15:00:00', '17:00:00', 1),
        ('viva.toelkes@epita.fr', 2020, 'SE_ADV_JS', 3, '2020-11-30', '15:00:00', '17:00:00', 0),
        ('viva.toelkes@epita.fr', 2020, 'SE_ADV_JS', 3, '2020-12-07', '15:00:00', '18:00:00', 1),
        ('timothy.mulqueen@epita.fr', 2020, 'SE_ADV_JS', 3, '2020-09-28', '15:00:00', '17:00:00', 0),
        ('timothy.mulqueen@epita.fr', 2020, 'SE_ADV_JS', 3, '2020-10-05', '15:00:00', '17:00:00', 0),
        ('timothy.mulqueen@epita.fr', 2020, 'SE_ADV_JS', 3, '2020-10-12', '15:00:00', '17:00:00', 1),
        ('timothy.mulqueen@epita.fr', 2020, 'SE_ADV_JS', 3, '2020-10-19', '15:00:00', '17:00:00', 1),
        ('timothy.mulqueen@epita.fr', 2020, 'SE_ADV_JS', 3, '2020-10-26', '15:00:00', '17:00:00', 1),
        ('timothy.mulqueen@epita.fr', 2020, 'SE_ADV_JS', 3, '2020-11-09', '15:00:00', '17:00:00', 1),
        ('timothy.mulqueen@epita.fr', 2020, 'SE_ADV_JS', 3, '2020-11-16', '15:00:00', '17:00:00', 1),
        ('timothy.mulqueen@epita.fr', 2020, 'SE_ADV_JS', 3, '2020-11-23', '15:00:00', '17:00:00', 1),
        ('timothy.mulqueen@epita.fr', 2020, 'SE_ADV_JS', 3, '2020-11-30', '15:00:00', '17:00:00', 0),
        ('timothy.mulqueen@epita.fr', 2020, 'SE_ADV_JS', 3, '2020-12-07', '15:00:00', '18:00:00', 1),
        ('simona.morasca@epita.fr', 2021, 'SE_ADV_JAVA', 2, '2021-05-07', '09:00:00', '13:00:00', 1),
        ('simona.morasca@epita.fr', 2021, 'SE_ADV_JAVA', 2, '2021-04-19', '09:00:00', '11:00:00', 1),
        ('simona.morasca@epita.fr', 2021, 'SE_ADV_JAVA', 2, '2021-04-19', '11:00:00', '13:00:00', 1),
        ('simona.morasca@epita.fr', 2021, 'SE_ADV_JAVA', 2, '2021-04-26', '14:00:00', '16:00:00', 1),
        ('simona.morasca@epita.fr', 2021, 'SE_ADV_JAVA', 2, '2021-04-26', '09:00:00', '11:00:00', 1),
        ('cammy.albares@epita.fr', 2021, 'SE_ADV_JAVA', 2, '2021-05-07', '09:00:00', '13:00:00', 1),
        ('cammy.albares@epita.fr', 2021, 'SE_ADV_JAVA', 2, '2021-04-19', '09:00:00', '11:00:00', 0),
        ('cammy.albares@epita.fr', 2021, 'SE_ADV_JAVA', 2, '2021-04-19', '11:00:00', '13:00:00', 0),
        ('cammy.albares@epita.fr', 2021, 'SE_ADV_JAVA', 2, '2021-04-26', '14:00:00', '16:00:00', 1),
        ('cammy.albares@epita.fr', 2021, 'SE_ADV_JAVA', 2, '2021-04-26', '09:00:00', '11:00:00', 0),
        ('simona.morasca@epita.fr', 2021, 'SE_ADV_JS', 3, '2021-05-17', '15:00:00', '17:00:00', 1),
        ('simona.morasca@epita.fr', 2021, 'SE_ADV_JS', 3, '2021-05-18', '09:00:00', '11:00:00', 0),
        ('simona.morasca@epita.fr', 2021, 'SE_ADV_JS', 3, '2021-05-18', '11:00:00', '13:00:00', 0),
        ('simona.morasca@epita.fr', 2021, 'SE_ADV_JS', 3, '2021-05-25', '09:00:00', '13:00:00', 1),
        ('simona.morasca@epita.fr', 2021, 'SE_ADV_JS', 3, '2021-05-28', '09:00:00', '11:00:00', 1),
        ('simona.morasca@epita.fr', 2021, 'SE_ADV_JS', 3, '2021-05-28', '11:00:00', '13:00:00', 1),
        ('simona.morasca@epita.fr', 2021, 'SE_ADV_JS', 3, '2021-05-28', '14:00:00', '16:00:00', 1),
        ('simona.morasca@epita.fr', 2021, 'SE_ADV_JS', 3, '2021-05-31', '10:00:00', '12:00:00', 1),
        ('simona.morasca@epita.fr', 2021, 'SE_ADV_JS', 3, '2021-06-01', '09:00:00', '11:00:00', 1),
        ('simona.morasca@epita.fr', 2021, 'SE_ADV_JS', 3, '2021-06-01', '11:00:00', '13:00:00', 1),
        ('cammy.albares@epita.fr', 2021, 'SE_ADV_JS', 3, '2021-05-17', '15:00:00', '17:00:00', 1),
        ('cammy.albares@epita.fr', 2021, 'SE_ADV_JS', 3, '2021-05-18', '09:00:00', '11:00:00', 1),
        ('cammy.albares@epita.fr', 2021, 'SE_ADV_JS', 3, '2021-05-18', '11:00:00', '13:00:00', 1),
        ('cammy.albares@epita.fr', 2021, 'SE_ADV_JS', 3, '2021-05-25', '09:00:00', '13:00:00', 0),
        ('cammy.albares@epita.fr', 2021, 'SE_ADV_JS', 3, '2021-05-28', '09:00:00', '11:00:00', 1),
        ('cammy.albares@epita.fr', 2021, 'SE_ADV_JS', 3, '2021-05-28', '11:00:00', '13:00:00', 1),
        ('cammy.albares@epita.fr', 2021, 'SE_ADV_JS', 3, '2021-05-28', '14:00:00', '16:00:00', 1),
        ('cammy.albares@epita.fr', 2021, 'SE_ADV_JS', 3, '2021-05-31', '10:00:00', '12:00:00', 0),
        ('cammy.albares@epita.fr', 2021, 'SE_ADV_JS', 3, '2021-06-01', '09:00:00', '11:00:00', 1),
        ('cammy.albares@epita.fr', 2021, 'SE_ADV_JS', 3, '2021-06-01', '11:00:00', '13:00:00', 0),
        ('bernardo.figeroa@epita.fr', 2020, 'CS_SOFTWARE_SECURITY', 1, '2021-01-25', '10:00:00', '13:00:00', 1),
        ('bernardo.figeroa@epita.fr', 2020, 'CS_SOFTWARE_SECURITY', 1, '2021-02-01', '10:00:00', '13:00:00', 1),
        ('bernardo.figeroa@epita.fr', 2020, 'CS_SOFTWARE_SECURITY', 1, '2021-02-08', '10:00:00', '13:00:00', 1),
        ('bernardo.figeroa@epita.fr', 2020, 'CS_SOFTWARE_SECURITY', 1, '2021-01-04', '10:00:00', '13:00:00', 1),
        ('bernardo.figeroa@epita.fr', 2020, 'CS_SOFTWARE_SECURITY', 1, '2021-01-11', '10:00:00', '13:00:00', 1),
        ('bernardo.figeroa@epita.fr', 2020, 'CS_SOFTWARE_SECURITY', 1, '2021-01-18', '10:00:00', '13:00:00', 0),
        ('malinda.hochard@epita.fr', 2020, 'CS_SOFTWARE_SECURITY', 1, '2021-01-25', '10:00:00', '13:00:00', 1),
        ('malinda.hochard@epita.fr', 2020, 'CS_SOFTWARE_SECURITY', 1, '2021-02-01', '10:00:00', '13:00:00', 1),
        ('malinda.hochard@epita.fr', 2020, 'CS_SOFTWARE_SECURITY', 1, '2021-02-08', '10:00:00', '13:00:00', 0),
        ('malinda.hochard@epita.fr', 2020, 'CS_SOFTWARE_SECURITY', 1, '2021-01-04', '10:00:00', '13:00:00', 1),
        ('malinda.hochard@epita.fr', 2020, 'CS_SOFTWARE_SECURITY', 1, '2021-01-11', '10:00:00', '13:00:00', 0),
        ('malinda.hochard@epita.fr', 2020, 'CS_SOFTWARE_SECURITY', 1, '2021-01-18', '10:00:00', '13:00:00', 1),
        ('delmy.ahle@epita.fr', 2021, 'CS_DATA_PRIV', 1, '2021-04-13', '14:00:00', '18:00:00', 1),
        ('delmy.ahle@epita.fr', 2021, 'CS_DATA_PRIV', 1, '2021-04-19', '14:00:00', '18:00:00', 1),
        ('delmy.ahle@epita.fr', 2021, 'CS_DATA_PRIV', 1, '2021-04-19', '16:00:00', '19:00:00', 1),
        ('delmy.ahle@epita.fr', 2021, 'CS_DATA_PRIV', 1, '2021-03-04', '10:00:00', '13:00:00', 1),
        ('delmy.ahle@epita.fr', 2021, 'CS_DATA_PRIV', 1, '2021-03-05', '10:00:00', '12:00:00', 1),
        ('delmy.ahle@epita.fr', 2021, 'CS_DATA_PRIV', 1, '2021-03-16', '10:00:00', '12:00:00', 0),
        ('yuki.whobrey@epita.fr', 2021, 'CS_DATA_PRIV', 1, '2021-04-13', '14:00:00', '18:00:00', 0),
        ('yuki.whobrey@epita.fr', 2021, 'CS_DATA_PRIV', 1, '2021-04-19', '14:00:00', '18:00:00', 1),
        ('yuki.whobrey@epita.fr', 2021, 'CS_DATA_PRIV', 1, '2021-04-19', '16:00:00', '19:00:00', 0),
        ('yuki.whobrey@epita.fr', 2021, 'CS_DATA_PRIV', 1, '2021-03-04', '10:00:00', '13:00:00', 1),
        ('yuki.whobrey@epita.fr', 2021, 'CS_DATA_PRIV', 1, '2021-03-05', '10:00:00', '12:00:00', 1),
        ('yuki.whobrey@epita.fr', 2021, 'CS_DATA_PRIV', 1, '2021-03-16', '10:00:00', '12:00:00', 1),
        ('elza.lipke@epita.fr', 2021, 'CS_DATA_PRIV', 1, '2021-04-13', '14:00:00', '18:00:00', 1),
        ('elza.lipke@epita.fr', 2021, 'CS_DATA_PRIV', 1, '2021-04-19', '14:00:00', '18:00:00', 1),
        ('elza.lipke@epita.fr', 2021, 'CS_DATA_PRIV', 1, '2021-04-19', '16:00:00', '19:00:00', 0),
        ('elza.lipke@epita.fr', 2021, 'CS_DATA_PRIV', 1, '2021-03-04', '10:00:00', '13:00:00', 0),
        ('elza.lipke@epita.fr', 2021, 'CS_DATA_PRIV', 1, '2021-03-05', '10:00:00', '12:00:00', 1),
        ('elza.lipke@epita.fr', 2021, 'CS_DATA_PRIV', 1, '2021-03-16', '10:00:00', '12:00:00', 1),
        ('delmy.ahle@epita.fr', 2021, 'CS_SOFTWARE_SECURITY', 1, '2021-06-21', '16:00:00', '18:00:00', 1),
        ('delmy.ahle@epita.fr', 2021, 'CS_SOFTWARE_SECURITY', 1, '2021-06-21', '14:00:00', '16:00:00', 1),
        ('delmy.ahle@epita.fr', 2021, 'CS_SOFTWARE_SECURITY', 1, '2021-06-28', '10:00:00', '12:00:00', 1),
        ('delmy.ahle@epita.fr', 2021, 'CS_SOFTWARE_SECURITY', 1, '2021-06-28', '13:00:00', '16:00:00', 1),
        ('delmy.ahle@epita.fr', 2021, 'CS_SOFTWARE_SECURITY', 1, '2021-07-05', '10:00:00', '12:00:00', 1),
        ('delmy.ahle@epita.fr', 2021, 'CS_SOFTWARE_SECURITY', 1, '2021-07-05', '13:00:00', '16:00:00', 1),
        ('yuki.whobrey@epita.fr', 2021, 'CS_SOFTWARE_SECURITY', 1, '2021-06-21', '16:00:00', '18:00:00', 1),
        ('yuki.whobrey@epita.fr', 2021, 'CS_SOFTWARE_SECURITY', 1, '2021-06-21', '14:00:00', '16:00:00', 1),
        ('yuki.whobrey@epita.fr', 2021, 'CS_SOFTWARE_SECURITY', 1, '2021-06-28', '10:00:00', '12:00:00', 0),
        ('yuki.whobrey@epita.fr', 2021, 'CS_SOFTWARE_SECURITY', 1, '2021-06-28', '13:00:00', '16:00:00', 1),
        ('yuki.whobrey@epita.fr', 2021, 'CS_SOFTWARE_SECURITY', 1, '2021-07-05', '10:00:00', '12:00:00', 1),
        ('yuki.whobrey@epita.fr', 2021, 'CS_SOFTWARE_SECURITY', 1, '2021-07-05', '13:00:00', '16:00:00', 0),
        ('elza.lipke@epita.fr', 2021, 'CS_SOFTWARE_SECURITY', 1, '2021-06-21', '16:00:00', '18:00:00', 0),
        ('elza.lipke@epita.fr', 2021, 'CS_SOFTWARE_SECURITY', 1, '2021-06-21', '14:00:00', '16:00:00', 0),
        ('elza.lipke@epita.fr', 2021, 'CS_SOFTWARE_SECURITY', 1, '2021-06-28', '10:00:00', '12:00:00', 1),
        ('elza.lipke@epita.fr', 2021, 'CS_SOFTWARE_SECURITY', 1, '2021-06-28', '13:00:00', '16:00:00', 1),
        ('elza.lipke@epita.fr', 2021, 'CS_SOFTWARE_SECURITY', 1, '2021-07-05', '10:00:00', '12:00:00', 1),
        ('elza.lipke@epita.fr', 2021, 'CS_SOFTWARE_SECURITY', 1, '2021-07-05', '13:00:00', '16:00:00', 1),
        ('cecily.hollack@epita.fr', 2020, 'AI_DATA_SCIENCE_IN_PROD', 1, '2020-10-26', '08:00:00', '12:00:00', 1),
        ('cecily.hollack@epita.fr', 2020, 'AI_DATA_SCIENCE_IN_PROD', 1, '2020-11-02', '10:00:00', '13:00:00', 1),
        ('cecily.hollack@epita.fr', 2020, 'AI_DATA_SCIENCE_IN_PROD', 1, '2020-11-09', '10:00:00', '13:00:00', 1),
        ('cecily.hollack@epita.fr', 2020, 'AI_DATA_SCIENCE_IN_PROD', 1, '2020-11-16', '10:00:00', '13:00:00', 1),
        ('cecily.hollack@epita.fr', 2020, 'AI_DATA_SCIENCE_IN_PROD', 1, '2020-11-23', '10:00:00', '13:00:00', 1),
        ('laurel.reitler@epita.fr', 2020, 'AI_DATA_SCIENCE_IN_PROD', 1, '2020-10-26', '08:00:00', '12:00:00', 0),
        ('laurel.reitler@epita.fr', 2020, 'AI_DATA_SCIENCE_IN_PROD', 1, '2020-11-02', '10:00:00', '13:00:00', 1),
        ('laurel.reitler@epita.fr', 2020, 'AI_DATA_SCIENCE_IN_PROD', 1, '2020-11-09', '10:00:00', '13:00:00', 1),
        ('laurel.reitler@epita.fr', 2020, 'AI_DATA_SCIENCE_IN_PROD', 1, '2020-11-16', '10:00:00', '13:00:00', 1),
        ('laurel.reitler@epita.fr', 2020, 'AI_DATA_SCIENCE_IN_PROD', 1, '2020-11-23', '10:00:00', '13:00:00', 1),
        ('tamar.hoogland@epita.fr', 2020, 'AI_DATA_SCIENCE_IN_PROD', 1, '2020-10-26', '08:00:00', '12:00:00', 1),
        ('tamar.hoogland@epita.fr', 2020, 'AI_DATA_SCIENCE_IN_PROD', 1, '2020-11-02', '10:00:00', '13:00:00', 1),
        ('tamar.hoogland@epita.fr', 2020, 'AI_DATA_SCIENCE_IN_PROD', 1, '2020-11-09', '10:00:00', '13:00:00', 1),
        ('tamar.hoogland@epita.fr', 2020, 'AI_DATA_SCIENCE_IN_PROD', 1, '2020-11-16', '10:00:00', '13:00:00', 1),
        ('tamar.hoogland@epita.fr', 2020, 'AI_DATA_SCIENCE_IN_PROD', 1, '2020-11-23', '10:00:00', '13:00:00', 1),
        ('lettie.isenhower@epita.fr', 2020, 'AI_DATA_SCIENCE_IN_PROD', 1, '2020-10-26', '08:00:00', '12:00:00', 1),
        ('lettie.isenhower@epita.fr', 2020, 'AI_DATA_SCIENCE_IN_PROD', 1, '2020-11-02', '10:00:00', '13:00:00', 1),
        ('lettie.isenhower@epita.fr', 2020, 'AI_DATA_SCIENCE_IN_PROD', 1, '2020-11-09', '10:00:00', '13:00:00', 0),
        ('lettie.isenhower@epita.fr', 2020, 'AI_DATA_SCIENCE_IN_PROD', 1, '2020-11-16', '10:00:00', '13:00:00', 0),
        ('lettie.isenhower@epita.fr', 2020, 'AI_DATA_SCIENCE_IN_PROD', 1, '2020-11-23', '10:00:00', '13:00:00', 1),
        ('bette.nicka@epita.fr', 2020, 'AI_DATA_SCIENCE_IN_PROD', 1, '2020-10-26', '08:00:00', '12:00:00', 1),
        ('bette.nicka@epita.fr', 2020, 'AI_DATA_SCIENCE_IN_PROD', 1, '2020-11-02', '10:00:00', '13:00:00', 1),
        ('bette.nicka@epita.fr', 2020, 'AI_DATA_SCIENCE_IN_PROD', 1, '2020-11-09', '10:00:00', '13:00:00', 0),
        ('bette.nicka@epita.fr', 2020, 'AI_DATA_SCIENCE_IN_PROD', 1, '2020-11-16', '10:00:00', '13:00:00', 0),
        ('bette.nicka@epita.fr', 2020, 'AI_DATA_SCIENCE_IN_PROD', 1, '2020-11-23', '10:00:00', '13:00:00', 1),
        ('rozella.ostrosky@epita.fr', 2020, 'AI_DATA_SCIENCE_IN_PROD', 1, '2020-10-26', '08:00:00', '12:00:00', 1),
        ('rozella.ostrosky@epita.fr', 2020, 'AI_DATA_SCIENCE_IN_PROD', 1, '2020-11-02', '10:00:00', '13:00:00', 1),
        ('rozella.ostrosky@epita.fr', 2020, 'AI_DATA_SCIENCE_IN_PROD', 1, '2020-11-09', '10:00:00', '13:00:00', 1),
        ('rozella.ostrosky@epita.fr', 2020, 'AI_DATA_SCIENCE_IN_PROD', 1, '2020-11-16', '10:00:00', '13:00:00', 1),
        ('rozella.ostrosky@epita.fr', 2020, 'AI_DATA_SCIENCE_IN_PROD', 1, '2020-11-23', '10:00:00', '13:00:00', 1),
        ('kiley.caldarera@epita.fr', 2020, 'AI_DATA_SCIENCE_IN_PROD', 1, '2020-10-26', '08:00:00', '12:00:00', 1),
        ('kiley.caldarera@epita.fr', 2020, 'AI_DATA_SCIENCE_IN_PROD', 1, '2020-11-02', '10:00:00', '13:00:00', 0),
        ('kiley.caldarera@epita.fr', 2020, 'AI_DATA_SCIENCE_IN_PROD', 1, '2020-11-09', '10:00:00', '13:00:00', 1),
        ('kiley.caldarera@epita.fr', 2020, 'AI_DATA_SCIENCE_IN_PROD', 1, '2020-11-16', '10:00:00', '13:00:00', 0),
        ('kiley.caldarera@epita.fr', 2020, 'AI_DATA_SCIENCE_IN_PROD', 1, '2020-11-23', '10:00:00', '13:00:00', 0),
        ('moon.parlato@epita.fr', 2020, 'AI_DATA_SCIENCE_IN_PROD', 1, '2020-10-26', '08:00:00', '12:00:00', 0),
        ('moon.parlato@epita.fr', 2020, 'AI_DATA_SCIENCE_IN_PROD', 1, '2020-11-02', '10:00:00', '13:00:00', 1),
        ('moon.parlato@epita.fr', 2020, 'AI_DATA_SCIENCE_IN_PROD', 1, '2020-11-09', '10:00:00', '13:00:00', 1),
        ('moon.parlato@epita.fr', 2020, 'AI_DATA_SCIENCE_IN_PROD', 1, '2020-11-16', '10:00:00', '13:00:00', 0),
        ('moon.parlato@epita.fr', 2020, 'AI_DATA_SCIENCE_IN_PROD', 1, '2020-11-23', '10:00:00', '13:00:00', 1),
        ('blondell.pugh@epita.fr', 2020, 'AI_DATA_SCIENCE_IN_PROD', 1, '2020-10-26', '08:00:00', '12:00:00', 1),
        ('blondell.pugh@epita.fr', 2020, 'AI_DATA_SCIENCE_IN_PROD', 1, '2020-11-02', '10:00:00', '13:00:00', 0),
        ('blondell.pugh@epita.fr', 2020, 'AI_DATA_SCIENCE_IN_PROD', 1, '2020-11-09', '10:00:00', '13:00:00', 1),
        ('blondell.pugh@epita.fr', 2020, 'AI_DATA_SCIENCE_IN_PROD', 1, '2020-11-16', '10:00:00', '13:00:00', 0),
        ('blondell.pugh@epita.fr', 2020, 'AI_DATA_SCIENCE_IN_PROD', 1, '2020-11-23', '10:00:00', '13:00:00', 0),
        ('jina.briddick@epita.fr', 2020, 'AI_DATA_SCIENCE_IN_PROD', 1, '2020-10-26', '08:00:00', '12:00:00', 0),
        ('jina.briddick@epita.fr', 2020, 'AI_DATA_SCIENCE_IN_PROD', 1, '2020-11-02', '10:00:00', '13:00:00', 1),
        ('jina.briddick@epita.fr', 2020, 'AI_DATA_SCIENCE_IN_PROD', 1, '2020-11-09', '10:00:00', '13:00:00', 1),
        ('jina.briddick@epita.fr', 2020, 'AI_DATA_SCIENCE_IN_PROD', 1, '2020-11-16', '10:00:00', '13:00:00', 1),
        ('jina.briddick@epita.fr', 2020, 'AI_DATA_SCIENCE_IN_PROD', 1, '2020-11-23', '10:00:00', '13:00:00', 1),
        ('dominque.dickerson@epita.fr', 2021, 'AI_DATA_PREP', 1, '2021-03-30', '09:00:00', '13:00:00', 1),
        ('dominque.dickerson@epita.fr', 2021, 'AI_DATA_PREP', 1, '2021-03-30', '14:00:00', '16:00:00', 1),
        ('dominque.dickerson@epita.fr', 2021, 'AI_DATA_PREP', 1, '2021-04-06', '09:00:00', '13:00:00', 1),
        ('solange.shinko@epita.fr', 2021, 'AI_DATA_PREP', 1, '2021-03-30', '09:00:00', '13:00:00', 1),
        ('solange.shinko@epita.fr', 2021, 'AI_DATA_PREP', 1, '2021-03-30', '14:00:00', '16:00:00', 1),
        ('solange.shinko@epita.fr', 2021, 'AI_DATA_PREP', 1, '2021-04-06', '09:00:00', '13:00:00', 1),
        ('kati.rulapaugh@epita.fr', 2021, 'AI_DATA_PREP', 1, '2021-03-30', '09:00:00', '13:00:00', 0),
        ('kati.rulapaugh@epita.fr', 2021, 'AI_DATA_PREP', 1, '2021-03-30', '14:00:00', '16:00:00', 1),
        ('kati.rulapaugh@epita.fr', 2021, 'AI_DATA_PREP', 1, '2021-04-06', '09:00:00', '13:00:00', 1),
        ('natalie.fern@epita.fr', 2021, 'AI_DATA_PREP', 1, '2021-03-30', '09:00:00', '13:00:00', 0),
        ('natalie.fern@epita.fr', 2021, 'AI_DATA_PREP', 1, '2021-03-30', '14:00:00', '16:00:00', 1),
        ('natalie.fern@epita.fr', 2021, 'AI_DATA_PREP', 1, '2021-04-06', '09:00:00', '13:00:00', 1),
        ('francine.vocelka@epita.fr', 2021, 'AI_DATA_SCIENCE_IN_PROD', 1, '2021-04-06', '10:00:00', '13:00:00', 0),
        ('francine.vocelka@epita.fr', 2021, 'AI_DATA_SCIENCE_IN_PROD', 1, '2021-05-07', '13:00:00', '18:00:00', 1),
        ('francine.vocelka@epita.fr', 2021, 'AI_DATA_SCIENCE_IN_PROD', 1, '2021-04-12', '08:00:00', '12:00:00', 1),
        ('francine.vocelka@epita.fr', 2021, 'AI_DATA_SCIENCE_IN_PROD', 1, '2021-04-13', '08:00:00', '12:00:00', 1),
        ('francine.vocelka@epita.fr', 2021, 'AI_DATA_SCIENCE_IN_PROD', 1, '2021-04-13', '08:00:00', '13:00:00', 1),
        ('veronika.inouye@epita.fr', 2021, 'AI_DATA_SCIENCE_IN_PROD', 1, '2021-04-06', '10:00:00', '13:00:00', 0),
        ('veronika.inouye@epita.fr', 2021, 'AI_DATA_SCIENCE_IN_PROD', 1, '2021-05-07', '13:00:00', '18:00:00', 0),
        ('veronika.inouye@epita.fr', 2021, 'AI_DATA_SCIENCE_IN_PROD', 1, '2021-04-12', '08:00:00', '12:00:00', 0),
        ('veronika.inouye@epita.fr', 2021, 'AI_DATA_SCIENCE_IN_PROD', 1, '2021-04-13', '08:00:00', '12:00:00', 1),
        ('veronika.inouye@epita.fr', 2021, 'AI_DATA_SCIENCE_IN_PROD', 1, '2021-04-13', '08:00:00', '13:00:00', 1),
        ('dominque.dickerson@epita.fr', 2021, 'AI_DATA_SCIENCE_IN_PROD', 1, '2021-04-06', '10:00:00', '13:00:00', 0),
        ('dominque.dickerson@epita.fr', 2021, 'AI_DATA_SCIENCE_IN_PROD', 1, '2021-05-07', '13:00:00', '18:00:00', 0),
        ('dominque.dickerson@epita.fr', 2021, 'AI_DATA_SCIENCE_IN_PROD', 1, '2021-04-12', '08:00:00', '12:00:00', 0),
        ('dominque.dickerson@epita.fr', 2021, 'AI_DATA_SCIENCE_IN_PROD', 1, '2021-04-13', '08:00:00', '12:00:00', 1),
        ('dominque.dickerson@epita.fr', 2021, 'AI_DATA_SCIENCE_IN_PROD', 1, '2021-04-13', '08:00:00', '13:00:00', 1),
        ('solange.shinko@epita.fr', 2021, 'AI_DATA_SCIENCE_IN_PROD', 1, '2021-04-06', '10:00:00', '13:00:00', 1),
        ('solange.shinko@epita.fr', 2021, 'AI_DATA_SCIENCE_IN_PROD', 1, '2021-05-07', '13:00:00', '18:00:00', 1),
        ('solange.shinko@epita.fr', 2021, 'AI_DATA_SCIENCE_IN_PROD', 1, '2021-04-12', '08:00:00', '12:00:00', 1),
        ('solange.shinko@epita.fr', 2021, 'AI_DATA_SCIENCE_IN_PROD', 1, '2021-04-13', '08:00:00', '12:00:00', 1),
        ('solange.shinko@epita.fr', 2021, 'AI_DATA_SCIENCE_IN_PROD', 1, '2021-04-13', '08:00:00', '13:00:00', 1),
        ('minna.amigon@epita.fr', 2021, 'AI_DATA_SCIENCE_IN_PROD', 1, '2021-04-06', '10:00:00', '13:00:00', 1),
        ('minna.amigon@epita.fr', 2021, 'AI_DATA_SCIENCE_IN_PROD', 1, '2021-05-07', '13:00:00', '18:00:00', 1),
        ('minna.amigon@epita.fr', 2021, 'AI_DATA_SCIENCE_IN_PROD', 1, '2021-04-12', '08:00:00', '12:00:00', 0),
        ('minna.amigon@epita.fr', 2021, 'AI_DATA_SCIENCE_IN_PROD', 1, '2021-04-13', '08:00:00', '12:00:00', 1),
        ('minna.amigon@epita.fr', 2021, 'AI_DATA_SCIENCE_IN_PROD', 1, '2021-04-13', '08:00:00', '13:00:00', 1),
        ('sage.wieser@epita.fr', 2021, 'AI_DATA_SCIENCE_IN_PROD', 1, '2021-04-06', '10:00:00', '13:00:00', 0),
        ('sage.wieser@epita.fr', 2021, 'AI_DATA_SCIENCE_IN_PROD', 1, '2021-05-07', '13:00:00', '18:00:00', 1),
        ('sage.wieser@epita.fr', 2021, 'AI_DATA_SCIENCE_IN_PROD', 1, '2021-04-12', '08:00:00', '12:00:00', 1),
        ('sage.wieser@epita.fr', 2021, 'AI_DATA_SCIENCE_IN_PROD', 1, '2021-04-13', '08:00:00', '12:00:00', 0),
        ('sage.wieser@epita.fr', 2021, 'AI_DATA_SCIENCE_IN_PROD', 1, '2021-04-13', '08:00:00', '13:00:00', 1),
        ('maryann.royster@epita.fr', 2021, 'AI_DATA_SCIENCE_IN_PROD', 1, '2021-04-06', '10:00:00', '13:00:00', 0),
        ('maryann.royster@epita.fr', 2021, 'AI_DATA_SCIENCE_IN_PROD', 1, '2021-05-07', '13:00:00', '18:00:00', 0),
        ('maryann.royster@epita.fr', 2021, 'AI_DATA_SCIENCE_IN_PROD', 1, '2021-04-12', '08:00:00', '12:00:00', 1),
        ('maryann.royster@epita.fr', 2021, 'AI_DATA_SCIENCE_IN_PROD', 1, '2021-04-13', '08:00:00', '12:00:00', 1),
        ('maryann.royster@epita.fr', 2021, 'AI_DATA_SCIENCE_IN_PROD', 1, '2021-04-13', '08:00:00', '13:00:00', 0),
        ('kati.rulapaugh@epita.fr', 2021, 'AI_DATA_SCIENCE_IN_PROD', 1, '2021-04-06', '10:00:00', '13:00:00', 1),
        ('kati.rulapaugh@epita.fr', 2021, 'AI_DATA_SCIENCE_IN_PROD', 1, '2021-05-07', '13:00:00', '18:00:00', 1),
        ('kati.rulapaugh@epita.fr', 2021, 'AI_DATA_SCIENCE_IN_PROD', 1, '2021-04-12', '08:00:00', '12:00:00', 1),
        ('kati.rulapaugh@epita.fr', 2021, 'AI_DATA_SCIENCE_IN_PROD', 1, '2021-04-13', '08:00:00', '12:00:00', 1),
        ('kati.rulapaugh@epita.fr', 2021, 'AI_DATA_SCIENCE_IN_PROD', 1, '2021-04-13', '08:00:00', '13:00:00', 1),
        ('natalie.fern@epita.fr', 2021, 'AI_DATA_SCIENCE_IN_PROD', 1, '2021-04-06', '10:00:00', '13:00:00', 1),
        ('natalie.fern@epita.fr', 2021, 'AI_DATA_SCIENCE_IN_PROD', 1, '2021-05-07', '13:00:00', '18:00:00', 1),
        ('natalie.fern@epita.fr', 2021, 'AI_DATA_SCIENCE_IN_PROD', 1, '2021-04-12', '08:00:00', '12:00:00', 1),
        ('natalie.fern@epita.fr', 2021, 'AI_DATA_SCIENCE_IN_PROD', 1, '2021-04-13', '08:00:00', '12:00:00', 1),
        ('natalie.fern@epita.fr', 2021, 'AI_DATA_SCIENCE_IN_PROD', 1, '2021-04-13', '08:00:00', '13:00:00', 1),
        ('rozella.ostrosky@epita.fr', 2020, 'AI_DATA_PREP', 1, '2020-10-05', '08:00:00', '12:00:00', 1),
        ('rozella.ostrosky@epita.fr', 2020, 'AI_DATA_PREP', 1, '2020-10-12', '08:00:00', '12:00:00', 1),
        ('rozella.ostrosky@epita.fr', 2020, 'AI_DATA_PREP', 1, '2020-10-19', '08:00:00', '12:00:00', 0),
        ('blondell.pugh@epita.fr', 2020, 'AI_DATA_PREP', 1, '2020-10-05', '08:00:00', '12:00:00', 1),
        ('blondell.pugh@epita.fr', 2020, 'AI_DATA_PREP', 1, '2020-10-12', '08:00:00', '12:00:00', 0),
        ('blondell.pugh@epita.fr', 2020, 'AI_DATA_PREP', 1, '2020-10-19', '08:00:00', '12:00:00', 1),
        ('jina.briddick@epita.fr', 2020, 'PG_PYTHON', 2, '2020-09-28', '08:00:00', '12:00:00', 1),
        ('myra.munns@epita.fr', 2020, 'CS_SOFTWARE_SECURITY', 1, '2021-01-25', '10:00:00', '13:00:00', 1),
        ('myra.munns@epita.fr', 2020, 'CS_SOFTWARE_SECURITY', 1, '2021-02-01', '10:00:00', '13:00:00', 1),
        ('myra.munns@epita.fr', 2020, 'CS_SOFTWARE_SECURITY', 1, '2021-02-08', '10:00:00', '13:00:00', 1),
        ('myra.munns@epita.fr', 2020, 'CS_SOFTWARE_SECURITY', 1, '2021-01-04', '10:00:00', '13:00:00', 1),
        ('myra.munns@epita.fr', 2020, 'CS_SOFTWARE_SECURITY', 1, '2021-01-11', '10:00:00', '13:00:00', 1),
        ('myra.munns@epita.fr', 2020, 'CS_SOFTWARE_SECURITY', 1, '2021-01-18', '10:00:00', '13:00:00', 1),
        ('myra.munns@epita.fr', 2020, 'DT_RDBMS', 3, '2021-01-04', '09:00:00', '11:00:00', 1),
        ('myra.munns@epita.fr', 2020, 'DT_RDBMS', 3, '2021-01-11', '09:00:00', '11:00:00', 1),
        ('myra.munns@epita.fr', 2020, 'DT_RDBMS', 3, '2021-01-18', '09:00:00', '11:00:00', 1),
        ('myra.munns@epita.fr', 2020, 'DT_RDBMS', 3, '2021-01-25', '09:00:00', '11:00:00', 1),
        ('myra.munns@epita.fr', 2020, 'DT_RDBMS', 3, '2021-02-01', '09:00:00', '11:00:00', 1),
        ('myra.munns@epita.fr', 2020, 'DT_RDBMS', 3, '2021-02-08', '09:00:00', '11:00:00', 1),
        ('myra.munns@epita.fr', 2020, 'DT_RDBMS', 3, '2021-01-04', '11:00:00', '13:00:00', 1),
        ('myra.munns@epita.fr', 2020, 'DT_RDBMS', 3, '2021-01-11', '11:00:00', '13:00:00', 0),
        ('myra.munns@epita.fr', 2020, 'DT_RDBMS', 3, '2021-01-18', '11:00:00', '13:00:00', 1),
        ('myra.munns@epita.fr', 2020, 'PG_PYTHON', 2, '2020-09-28', '08:00:00', '12:00:00', 1),
        ('emerson.bowley@epita.fr', 2020, 'PM_AGILE', 2, '2020-11-02', '10:00:00', '13:00:00', 1),
        ('emerson.bowley@epita.fr', 2020, 'PM_AGILE', 2, '2020-11-09', '10:00:00', '13:00:00', 1),
        ('emerson.bowley@epita.fr', 2020, 'PM_AGILE', 2, '2020-11-16', '10:00:00', '13:00:00', 0),
        ('emerson.bowley@epita.fr', 2020, 'PM_AGILE', 2, '2020-11-23', '10:00:00', '13:00:00', 1),
        ('emerson.bowley@epita.fr', 2020, 'PM_AGILE', 2, '2020-11-30', '10:00:00', '13:00:00', 0),
        ('emerson.bowley@epita.fr', 2020, 'MK_COM_FOR_LEADER', 1, '2021-01-25', '14:30:00', '16:30:00', 0),
        ('emerson.bowley@epita.fr', 2020, 'MK_COM_FOR_LEADER', 1, '2021-02-01', '14:30:00', '16:30:00', 0),
        ('emerson.bowley@epita.fr', 2020, 'MK_COM_FOR_LEADER', 1, '2021-02-08', '14:30:00', '16:30:00', 0),
        ('emerson.bowley@epita.fr', 2020, 'MK_COM_FOR_LEADER', 1, '2021-03-01', '14:00:00', '16:00:00', 1),
        ('emerson.bowley@epita.fr', 2020, 'MK_COM_FOR_LEADER', 1, '2021-03-01', '16:00:00', '17:00:00', 1),
        ('emerson.bowley@epita.fr', 2020, 'MK_COM_FOR_LEADER', 1, '2021-03-05', '14:00:00', '16:00:00', 1),
        ('emerson.bowley@epita.fr', 2020, 'DT_RDBMS', 3, '2021-01-04', '09:00:00', '11:00:00', 1),
        ('emerson.bowley@epita.fr', 2020, 'DT_RDBMS', 3, '2021-01-11', '09:00:00', '11:00:00', 0),
        ('emerson.bowley@epita.fr', 2020, 'DT_RDBMS', 3, '2021-01-18', '09:00:00', '11:00:00', 0),
        ('emerson.bowley@epita.fr', 2020, 'DT_RDBMS', 3, '2021-01-25', '09:00:00', '11:00:00', 0),
        ('emerson.bowley@epita.fr', 2020, 'DT_RDBMS', 3, '2021-02-01', '09:00:00', '11:00:00', 1),
        ('emerson.bowley@epita.fr', 2020, 'DT_RDBMS', 3, '2021-02-08', '09:00:00', '11:00:00', 0),
        ('emerson.bowley@epita.fr', 2020, 'DT_RDBMS', 3, '2021-01-04', '11:00:00', '13:00:00', 1),
        ('emerson.bowley@epita.fr', 2020, 'DT_RDBMS', 3, '2021-01-11', '11:00:00', '13:00:00', 1),
        ('emerson.bowley@epita.fr', 2020, 'DT_RDBMS', 3, '2021-01-18', '11:00:00', '13:00:00', 0),
        ('emerson.bowley@epita.fr', 2020, 'PG_PYTHON', 2, '2020-09-28', '08:00:00', '12:00:00', 1),
        ('ernie.stenseth@epita.fr', 2021, 'PM_AGILE', 2, '2021-04-26', '11:00:00', '13:00:00', 1),
        ('ernie.stenseth@epita.fr', 2021, 'PM_AGILE', 2, '2021-04-27', '09:00:00', '11:00:00', 1),
        ('ernie.stenseth@epita.fr', 2021, 'PM_AGILE', 2, '2021-04-27', '11:00:00', '13:00:00', 1),
        ('ernie.stenseth@epita.fr', 2021, 'PM_AGILE', 2, '2021-05-03', '11:00:00', '13:00:00', 1),
        ('ernie.stenseth@epita.fr', 2021, 'PM_AGILE', 2, '2021-05-04', '09:00:00', '11:00:00', 1),
        ('ernie.stenseth@epita.fr', 2021, 'MK_COM_FOR_LEADER', 1, '2021-07-12', '10:00:00', '12:00:00', 0),
        ('ernie.stenseth@epita.fr', 2021, 'MK_COM_FOR_LEADER', 1, '2021-07-12', '13:00:00', '16:00:00', 1),
        ('ernie.stenseth@epita.fr', 2021, 'MK_COM_FOR_LEADER', 1, '2021-07-19', '09:00:00', '12:00:00', 0),
        ('ernie.stenseth@epita.fr', 2021, 'MK_COM_FOR_LEADER', 1, '2021-07-19', '13:00:00', '16:00:00', 1),
        ('ernie.stenseth@epita.fr', 2021, 'MK_COM_FOR_LEADER', 1, '2021-07-20', '10:00:00', '12:00:00', 1),
        ('ernie.stenseth@epita.fr', 2021, 'MK_COM_FOR_LEADER', 1, '2021-07-23', '14:00:00', '16:00:00', 0),
        ('ernie.stenseth@epita.fr', 2021, 'DT_RDBMS', 3, '2021-06-07', '14:00:00', '16:00:00', 1),
        ('ernie.stenseth@epita.fr', 2021, 'DT_RDBMS', 3, '2021-06-07', '11:00:00', '13:00:00', 1),
        ('ernie.stenseth@epita.fr', 2021, 'DT_RDBMS', 3, '2021-06-08', '09:00:00', '11:00:00', 1),
        ('ernie.stenseth@epita.fr', 2021, 'DT_RDBMS', 3, '2021-06-08', '11:00:00', '13:00:00', 1),
        ('ernie.stenseth@epita.fr', 2021, 'DT_RDBMS', 3, '2021-06-14', '11:00:00', '13:00:00', 1),
        ('ernie.stenseth@epita.fr', 2021, 'DT_RDBMS', 3, '2021-06-14', '14:00:00', '16:00:00', 1),
        ('ernie.stenseth@epita.fr', 2021, 'DT_RDBMS', 3, '2021-06-14', '16:00:00', '18:00:00', 0),
        ('ernie.stenseth@epita.fr', 2021, 'DT_RDBMS', 3, '2021-06-15', '11:00:00', '13:00:00', 1),
        ('ernie.stenseth@epita.fr', 2021, 'DT_RDBMS', 3, '2021-06-21', '11:00:00', '13:00:00', 0),
        ('ernie.stenseth@epita.fr', 2021, 'PG_PYTHON', 2, '2021-03-05', '16:00:00', '19:00:00', 1),
        ('ernie.stenseth@epita.fr', 2021, 'PG_PYTHON', 2, '2021-03-16', '09:00:00', '12:00:00', 1),
        ('ernie.stenseth@epita.fr', 2021, 'PG_PYTHON', 2, '2021-03-16', '10:00:00', '13:00:00', 1),
        ('ernie.stenseth@epita.fr', 2021, 'PG_PYTHON', 2, '2021-03-22', '13:00:00', '16:00:00', 1),
        ('ernie.stenseth@epita.fr', 2021, 'PG_PYTHON', 2, '2021-03-23', '08:00:00', '11:00:00', 0),
        ('ernie.stenseth@epita.fr', 2021, 'PG_PYTHON', 2, '2021-03-23', '10:00:00', '13:00:00', 1),
        ('ernie.stenseth@epita.fr', 2021, 'PG_PYTHON', 2, '2021-03-29', '13:00:00', '16:00:00', 1),
        ('ernie.stenseth@epita.fr', 2021, 'PG_PYTHON', 2, '2021-03-29', '10:00:00', '13:00:00', 0),
        ('ernie.stenseth@epita.fr', 2021, 'PG_PYTHON', 2, '2021-07-23', '10:00:00', '12:00:00', 1),
        ('ernie.stenseth@epita.fr', 2021, 'PG_PYTHON', 2, '2021-07-26', '10:00:00', '12:30:00', 1),
        ('ernie.stenseth@epita.fr', 2021, 'PG_PYTHON', 2, '2021-07-27', '10:00:00', '12:30:00', 1),
        ('ernie.stenseth@epita.fr', 2021, 'PG_PYTHON', 2, '2021-08-02', '09:00:00', '13:00:00', 1),
        ('ernie.stenseth@epita.fr', 2021, 'PG_PYTHON', 2, '2021-09-06', '14:00:00', '16:00:00', 0),
        ('ernie.stenseth@epita.fr', 2021, 'PG_PYTHON', 2, '2021-09-07', '14:00:00', '16:00:00', 0),
        ('ernie.stenseth@epita.fr', 2021, 'PG_PYTHON', 2, '2021-09-13', '09:00:00', '13:00:00', 1),
        ('lai.gato@epita.fr', 2020, 'CS_SOFTWARE_SECURITY', 1, '2021-01-25', '10:00:00', '13:00:00', 0),
        ('lai.gato@epita.fr', 2020, 'CS_SOFTWARE_SECURITY', 1, '2021-02-01', '10:00:00', '13:00:00', 1),
        ('lai.gato@epita.fr', 2020, 'CS_SOFTWARE_SECURITY', 1, '2021-02-08', '10:00:00', '13:00:00', 1),
        ('lai.gato@epita.fr', 2020, 'CS_SOFTWARE_SECURITY', 1, '2021-01-04', '10:00:00', '13:00:00', 1),
        ('lai.gato@epita.fr', 2020, 'CS_SOFTWARE_SECURITY', 1, '2021-01-11', '10:00:00', '13:00:00', 1),
        ('lai.gato@epita.fr', 2020, 'CS_SOFTWARE_SECURITY', 1, '2021-01-18', '10:00:00', '13:00:00', 1),
        ('lai.gato@epita.fr', 2020, 'DT_RDBMS', 3, '2021-01-04', '09:00:00', '11:00:00', 0),
        ('lai.gato@epita.fr', 2020, 'DT_RDBMS', 3, '2021-01-11', '09:00:00', '11:00:00', 0),
        ('lai.gato@epita.fr', 2020, 'DT_RDBMS', 3, '2021-01-18', '09:00:00', '11:00:00', 1),
        ('lai.gato@epita.fr', 2020, 'DT_RDBMS', 3, '2021-01-25', '09:00:00', '11:00:00', 0),
        ('lai.gato@epita.fr', 2020, 'DT_RDBMS', 3, '2021-02-01', '09:00:00', '11:00:00', 1),
        ('lai.gato@epita.fr', 2020, 'DT_RDBMS', 3, '2021-02-08', '09:00:00', '11:00:00', 0),
        ('lai.gato@epita.fr', 2020, 'DT_RDBMS', 3, '2021-01-04', '11:00:00', '13:00:00', 1),
        ('lai.gato@epita.fr', 2020, 'DT_RDBMS', 3, '2021-01-11', '11:00:00', '13:00:00', 0),
        ('lai.gato@epita.fr', 2020, 'DT_RDBMS', 3, '2021-01-18', '11:00:00', '13:00:00', 1),
        ('lai.gato@epita.fr', 2020, 'PG_PYTHON', 2, '2020-09-28', '08:00:00', '12:00:00', 1),
        ('lavera.perin@epita.fr', 2021, 'CS_DATA_PRIV', 1, '2021-04-13', '14:00:00', '18:00:00', 1),
        ('lavera.perin@epita.fr', 2021, 'CS_DATA_PRIV', 1, '2021-04-19', '14:00:00', '18:00:00', 1),
        ('lavera.perin@epita.fr', 2021, 'CS_DATA_PRIV', 1, '2021-04-19', '16:00:00', '19:00:00', 0),
        ('lavera.perin@epita.fr', 2021, 'CS_DATA_PRIV', 1, '2021-03-04', '10:00:00', '13:00:00', 0),
        ('lavera.perin@epita.fr', 2021, 'CS_DATA_PRIV', 1, '2021-03-05', '10:00:00', '12:00:00', 1),
        ('lavera.perin@epita.fr', 2021, 'CS_DATA_PRIV', 1, '2021-03-16', '10:00:00', '12:00:00', 0),
        ('lavera.perin@epita.fr', 2021, 'CS_SOFTWARE_SECURITY', 1, '2021-06-21', '16:00:00', '18:00:00', 1),
        ('lavera.perin@epita.fr', 2021, 'CS_SOFTWARE_SECURITY', 1, '2021-06-21', '14:00:00', '16:00:00', 1),
        ('lavera.perin@epita.fr', 2021, 'CS_SOFTWARE_SECURITY', 1, '2021-06-28', '10:00:00', '12:00:00', 1),
        ('lavera.perin@epita.fr', 2021, 'CS_SOFTWARE_SECURITY', 1, '2021-06-28', '13:00:00', '16:00:00', 1),
        ('lavera.perin@epita.fr', 2021, 'CS_SOFTWARE_SECURITY', 1, '2021-07-05', '10:00:00', '12:00:00', 1),
        ('lavera.perin@epita.fr', 2021, 'CS_SOFTWARE_SECURITY', 1, '2021-07-05', '13:00:00', '16:00:00', 1),
        ('lavera.perin@epita.fr', 2021, 'DT_RDBMS', 3, '2021-06-07', '14:00:00', '16:00:00', 1),
        ('lavera.perin@epita.fr', 2021, 'DT_RDBMS', 3, '2021-06-07', '11:00:00', '13:00:00', 0),
        ('lavera.perin@epita.fr', 2021, 'DT_RDBMS', 3, '2021-06-08', '09:00:00', '11:00:00', 1),
        ('lavera.perin@epita.fr', 2021, 'DT_RDBMS', 3, '2021-06-08', '11:00:00', '13:00:00', 1),
        ('lavera.perin@epita.fr', 2021, 'DT_RDBMS', 3, '2021-06-14', '11:00:00', '13:00:00', 0),
        ('lavera.perin@epita.fr', 2021, 'DT_RDBMS', 3, '2021-06-14', '14:00:00', '16:00:00', 1),
        ('lavera.perin@epita.fr', 2021, 'DT_RDBMS', 3, '2021-06-14', '16:00:00', '18:00:00', 1),
        ('lavera.perin@epita.fr', 2021, 'DT_RDBMS', 3, '2021-06-15', '11:00:00', '13:00:00', 0),
        ('lavera.perin@epita.fr', 2021, 'DT_RDBMS', 3, '2021-06-21', '11:00:00', '13:00:00', 0),
        ('lavera.perin@epita.fr', 2021, 'PG_PYTHON', 2, '2021-03-05', '16:00:00', '19:00:00', 1),
        ('lavera.perin@epita.fr', 2021, 'PG_PYTHON', 2, '2021-03-16', '09:00:00', '12:00:00', 1),
        ('lavera.perin@epita.fr', 2021, 'PG_PYTHON', 2, '2021-03-16', '10:00:00', '13:00:00', 1),
        ('lavera.perin@epita.fr', 2021, 'PG_PYTHON', 2, '2021-03-22', '13:00:00', '16:00:00', 1),
        ('lavera.perin@epita.fr', 2021, 'PG_PYTHON', 2, '2021-03-23', '08:00:00', '11:00:00', 1),
        ('lavera.perin@epita.fr', 2021, 'PG_PYTHON', 2, '2021-03-23', '10:00:00', '13:00:00', 1),
        ('lavera.perin@epita.fr', 2021, 'PG_PYTHON', 2, '2021-03-29', '13:00:00', '16:00:00', 1),
        ('lavera.perin@epita.fr', 2021, 'PG_PYTHON', 2, '2021-03-29', '10:00:00', '13:00:00', 0),
        ('lavera.perin@epita.fr', 2021, 'PG_PYTHON', 2, '2021-07-23', '10:00:00', '12:00:00', 1),
        ('lavera.perin@epita.fr', 2021, 'PG_PYTHON', 2, '2021-07-26', '10:00:00', '12:30:00', 0),
        ('lavera.perin@epita.fr', 2021, 'PG_PYTHON', 2, '2021-07-27', '10:00:00', '12:30:00', 1),
        ('lavera.perin@epita.fr', 2021, 'PG_PYTHON', 2, '2021-08-02', '09:00:00', '13:00:00', 1),
        ('lavera.perin@epita.fr', 2021, 'PG_PYTHON', 2, '2021-09-06', '14:00:00', '16:00:00', 0),
        ('lavera.perin@epita.fr', 2021, 'PG_PYTHON', 2, '2021-09-07', '14:00:00', '16:00:00', 1),
        ('lavera.perin@epita.fr', 2021, 'PG_PYTHON', 2, '2021-09-13', '09:00:00', '13:00:00', 1),
        ('carmelina.lindall@epita.fr', 2021, 'AI_DATA_SCIENCE_IN_PROD', 1, '2021-04-06', '10:00:00', '13:00:00', 0),
        ('carmelina.lindall@epita.fr', 2021, 'AI_DATA_SCIENCE_IN_PROD', 1, '2021-05-07', '13:00:00', '18:00:00', 0),
        ('carmelina.lindall@epita.fr', 2021, 'AI_DATA_SCIENCE_IN_PROD', 1, '2021-04-12', '08:00:00', '12:00:00', 0),
        ('carmelina.lindall@epita.fr', 2021, 'AI_DATA_SCIENCE_IN_PROD', 1, '2021-04-13', '08:00:00', '12:00:00', 1),
        ('carmelina.lindall@epita.fr', 2021, 'AI_DATA_SCIENCE_IN_PROD', 1, '2021-04-13', '08:00:00', '13:00:00', 1),
        ('carmelina.lindall@epita.fr', 2021, 'DT_RDBMS', 3, '2021-06-07', '14:00:00', '16:00:00', 1),
        ('carmelina.lindall@epita.fr', 2021, 'DT_RDBMS', 3, '2021-06-07', '11:00:00', '13:00:00', 1),
        ('carmelina.lindall@epita.fr', 2021, 'DT_RDBMS', 3, '2021-06-08', '09:00:00', '11:00:00', 1),
        ('carmelina.lindall@epita.fr', 2021, 'DT_RDBMS', 3, '2021-06-08', '11:00:00', '13:00:00', 1),
        ('carmelina.lindall@epita.fr', 2021, 'DT_RDBMS', 3, '2021-06-14', '11:00:00', '13:00:00', 1),
        ('carmelina.lindall@epita.fr', 2021, 'DT_RDBMS', 3, '2021-06-14', '14:00:00', '16:00:00', 1),
        ('carmelina.lindall@epita.fr', 2021, 'DT_RDBMS', 3, '2021-06-14', '16:00:00', '18:00:00', 0),
        ('carmelina.lindall@epita.fr', 2021, 'DT_RDBMS', 3, '2021-06-15', '11:00:00', '13:00:00', 1),
        ('carmelina.lindall@epita.fr', 2021, 'DT_RDBMS', 3, '2021-06-21', '11:00:00', '13:00:00', 1),
        ('carmelina.lindall@epita.fr', 2021, 'PG_PYTHON', 2, '2021-03-05', '16:00:00', '19:00:00', 0),
        ('carmelina.lindall@epita.fr', 2021, 'PG_PYTHON', 2, '2021-03-16', '09:00:00', '12:00:00', 1),
        ('carmelina.lindall@epita.fr', 2021, 'PG_PYTHON', 2, '2021-03-16', '10:00:00', '13:00:00', 1),
        ('carmelina.lindall@epita.fr', 2021, 'PG_PYTHON', 2, '2021-03-22', '13:00:00', '16:00:00', 1),
        ('carmelina.lindall@epita.fr', 2021, 'PG_PYTHON', 2, '2021-03-23', '08:00:00', '11:00:00', 1),
        ('carmelina.lindall@epita.fr', 2021, 'PG_PYTHON', 2, '2021-03-23', '10:00:00', '13:00:00', 1),
        ('carmelina.lindall@epita.fr', 2021, 'PG_PYTHON', 2, '2021-03-29', '13:00:00', '16:00:00', 1),
        ('carmelina.lindall@epita.fr', 2021, 'PG_PYTHON', 2, '2021-03-29', '10:00:00', '13:00:00', 1),
        ('carmelina.lindall@epita.fr', 2021, 'PG_PYTHON', 2, '2021-07-23', '10:00:00', '12:00:00', 1),
        ('carmelina.lindall@epita.fr', 2021, 'PG_PYTHON', 2, '2021-07-26', '10:00:00', '12:30:00', 1),
        ('carmelina.lindall@epita.fr', 2021, 'PG_PYTHON', 2, '2021-07-27', '10:00:00', '12:30:00', 1),
        ('carmelina.lindall@epita.fr', 2021, 'PG_PYTHON', 2, '2021-08-02', '09:00:00', '13:00:00', 1),
        ('carmelina.lindall@epita.fr', 2021, 'PG_PYTHON', 2, '2021-09-06', '14:00:00', '16:00:00', 1),
        ('carmelina.lindall@epita.fr', 2021, 'PG_PYTHON', 2, '2021-09-07', '14:00:00', '16:00:00', 1),
        ('carmelina.lindall@epita.fr', 2021, 'PG_PYTHON', 2, '2021-09-13', '09:00:00', '13:00:00', 1),
        ('erick.ferencz@epita.fr', 2020, 'AI_DATA_PREP', 1, '2020-10-05', '08:00:00', '12:00:00', 1),
        ('erick.ferencz@epita.fr', 2020, 'AI_DATA_PREP', 1, '2020-10-12', '08:00:00', '12:00:00', 1),
        ('erick.ferencz@epita.fr', 2020, 'AI_DATA_PREP', 1, '2020-10-19', '08:00:00', '12:00:00', 1),
        ('erick.ferencz@epita.fr', 2020, 'AI_DATA_SCIENCE_IN_PROD', 1, '2020-10-26', '08:00:00', '12:00:00', 1),
        ('erick.ferencz@epita.fr', 2020, 'AI_DATA_SCIENCE_IN_PROD', 1, '2020-11-02', '10:00:00', '13:00:00', 1),
        ('erick.ferencz@epita.fr', 2020, 'AI_DATA_SCIENCE_IN_PROD', 1, '2020-11-09', '10:00:00', '13:00:00', 1),
        ('erick.ferencz@epita.fr', 2020, 'AI_DATA_SCIENCE_IN_PROD', 1, '2020-11-16', '10:00:00', '13:00:00', 1),
        ('erick.ferencz@epita.fr', 2020, 'AI_DATA_SCIENCE_IN_PROD', 1, '2020-11-23', '10:00:00', '13:00:00', 1),
        ('erick.ferencz@epita.fr', 2020, 'DT_RDBMS', 3, '2021-01-04', '09:00:00', '11:00:00', 1),
        ('erick.ferencz@epita.fr', 2020, 'DT_RDBMS', 3, '2021-01-11', '09:00:00', '11:00:00', 1),
        ('erick.ferencz@epita.fr', 2020, 'DT_RDBMS', 3, '2021-01-18', '09:00:00', '11:00:00', 0),
        ('erick.ferencz@epita.fr', 2020, 'DT_RDBMS', 3, '2021-01-25', '09:00:00', '11:00:00', 0),
        ('erick.ferencz@epita.fr', 2020, 'DT_RDBMS', 3, '2021-02-01', '09:00:00', '11:00:00', 1),
        ('erick.ferencz@epita.fr', 2020, 'DT_RDBMS', 3, '2021-02-08', '09:00:00', '11:00:00', 0),
        ('erick.ferencz@epita.fr', 2020, 'DT_RDBMS', 3, '2021-01-04', '11:00:00', '13:00:00', 0),
        ('erick.ferencz@epita.fr', 2020, 'DT_RDBMS', 3, '2021-01-11', '11:00:00', '13:00:00', 1),
        ('erick.ferencz@epita.fr', 2020, 'DT_RDBMS', 3, '2021-01-18', '11:00:00', '13:00:00', 1),
        ('erick.ferencz@epita.fr', 2020, 'PG_PYTHON', 2, '2020-09-28', '08:00:00', '12:00:00', 1),
        ('wilda.giguere@epita.fr', 2020, 'PM_AGILE', 2, '2020-11-02', '10:00:00', '13:00:00', 0),
        ('wilda.giguere@epita.fr', 2020, 'PM_AGILE', 2, '2020-11-09', '10:00:00', '13:00:00', 1),
        ('wilda.giguere@epita.fr', 2020, 'PM_AGILE', 2, '2020-11-16', '10:00:00', '13:00:00', 1),
        ('wilda.giguere@epita.fr', 2020, 'PM_AGILE', 2, '2020-11-23', '10:00:00', '13:00:00', 1),
        ('wilda.giguere@epita.fr', 2020, 'PM_AGILE', 2, '2020-11-30', '10:00:00', '13:00:00', 1),
        ('wilda.giguere@epita.fr', 2020, 'MK_COM_FOR_LEADER', 1, '2021-01-25', '14:30:00', '16:30:00', 0),
        ('wilda.giguere@epita.fr', 2020, 'MK_COM_FOR_LEADER', 1, '2021-02-01', '14:30:00', '16:30:00', 1),
        ('wilda.giguere@epita.fr', 2020, 'MK_COM_FOR_LEADER', 1, '2021-02-08', '14:30:00', '16:30:00', 1),
        ('wilda.giguere@epita.fr', 2020, 'MK_COM_FOR_LEADER', 1, '2021-03-01', '14:00:00', '16:00:00', 0),
        ('wilda.giguere@epita.fr', 2020, 'MK_COM_FOR_LEADER', 1, '2021-03-01', '16:00:00', '17:00:00', 1),
        ('wilda.giguere@epita.fr', 2020, 'MK_COM_FOR_LEADER', 1, '2021-03-05', '14:00:00', '16:00:00', 1),
        ('wilda.giguere@epita.fr', 2020, 'DT_RDBMS', 3, '2021-01-04', '09:00:00', '11:00:00', 1),
        ('wilda.giguere@epita.fr', 2020, 'DT_RDBMS', 3, '2021-01-11', '09:00:00', '11:00:00', 1),
        ('wilda.giguere@epita.fr', 2020, 'DT_RDBMS', 3, '2021-01-18', '09:00:00', '11:00:00', 0),
        ('wilda.giguere@epita.fr', 2020, 'DT_RDBMS', 3, '2021-01-25', '09:00:00', '11:00:00', 1),
        ('wilda.giguere@epita.fr', 2020, 'DT_RDBMS', 3, '2021-02-01', '09:00:00', '11:00:00', 1),
        ('wilda.giguere@epita.fr', 2020, 'DT_RDBMS', 3, '2021-02-08', '09:00:00', '11:00:00', 1),
        ('wilda.giguere@epita.fr', 2020, 'DT_RDBMS', 3, '2021-01-04', '11:00:00', '13:00:00', 1),
        ('wilda.giguere@epita.fr', 2020, 'DT_RDBMS', 3, '2021-01-11', '11:00:00', '13:00:00', 1),
        ('wilda.giguere@epita.fr', 2020, 'DT_RDBMS', 3, '2021-01-18', '11:00:00', '13:00:00', 1),
        ('wilda.giguere@epita.fr', 2020, 'PG_PYTHON', 2, '2020-09-28', '08:00:00', '12:00:00', 1),
        ('tonette.wenner@epita.fr', 2021, 'SE_ADV_DB', 2, '2021-05-04', '11:00:00', '13:00:00', 0),
        ('tonette.wenner@epita.fr', 2021, 'SE_ADV_DB', 2, '2021-05-04', '16:00:00', '18:00:00', 1),
        ('tonette.wenner@epita.fr', 2021, 'SE_ADV_DB', 2, '2021-05-10', '15:00:00', '17:00:00', 1),
        ('tonette.wenner@epita.fr', 2021, 'SE_ADV_DB', 2, '2021-05-10', '11:00:00', '13:00:00', 0),
        ('tonette.wenner@epita.fr', 2021, 'SE_ADV_DB', 2, '2021-05-10', '13:00:00', '15:00:00', 0),
        ('tonette.wenner@epita.fr', 2021, 'SE_ADV_DB', 2, '2021-05-11', '09:00:00', '11:00:00', 0),
        ('tonette.wenner@epita.fr', 2021, 'SE_ADV_DB', 2, '2021-05-11', '11:00:00', '13:00:00', 1),
        ('tonette.wenner@epita.fr', 2021, 'SE_ADV_DB', 2, '2021-05-11', '14:00:00', '18:00:00', 1),
        ('tonette.wenner@epita.fr', 2021, 'SE_ADV_DB', 2, '2021-05-17', '10:00:00', '12:00:00', 1),
        ('tonette.wenner@epita.fr', 2021, 'SE_ADV_DB', 2, '2021-05-17', '13:00:00', '15:00:00', 1),
        ('tonette.wenner@epita.fr', 2021, 'SE_ADV_JAVA', 2, '2021-05-07', '09:00:00', '13:00:00', 0),
        ('tonette.wenner@epita.fr', 2021, 'SE_ADV_JAVA', 2, '2021-04-19', '09:00:00', '11:00:00', 0),
        ('tonette.wenner@epita.fr', 2021, 'SE_ADV_JAVA', 2, '2021-04-19', '11:00:00', '13:00:00', 1),
        ('tonette.wenner@epita.fr', 2021, 'SE_ADV_JAVA', 2, '2021-04-26', '14:00:00', '16:00:00', 1),
        ('tonette.wenner@epita.fr', 2021, 'SE_ADV_JAVA', 2, '2021-04-26', '09:00:00', '11:00:00', 0),
        ('tonette.wenner@epita.fr', 2021, 'SE_ADV_JS', 3, '2021-05-17', '15:00:00', '17:00:00', 0),
        ('tonette.wenner@epita.fr', 2021, 'SE_ADV_JS', 3, '2021-05-18', '09:00:00', '11:00:00', 1),
        ('tonette.wenner@epita.fr', 2021, 'SE_ADV_JS', 3, '2021-05-18', '11:00:00', '13:00:00', 1),
        ('tonette.wenner@epita.fr', 2021, 'SE_ADV_JS', 3, '2021-05-25', '09:00:00', '13:00:00', 1),
        ('tonette.wenner@epita.fr', 2021, 'SE_ADV_JS', 3, '2021-05-28', '09:00:00', '11:00:00', 1),
        ('tonette.wenner@epita.fr', 2021, 'SE_ADV_JS', 3, '2021-05-28', '11:00:00', '13:00:00', 1),
        ('tonette.wenner@epita.fr', 2021, 'SE_ADV_JS', 3, '2021-05-28', '14:00:00', '16:00:00', 0),
        ('tonette.wenner@epita.fr', 2021, 'SE_ADV_JS', 3, '2021-05-31', '10:00:00', '12:00:00', 1),
        ('tonette.wenner@epita.fr', 2021, 'SE_ADV_JS', 3, '2021-06-01', '09:00:00', '11:00:00', 1),
        ('tonette.wenner@epita.fr', 2021, 'SE_ADV_JS', 3, '2021-06-01', '11:00:00', '13:00:00', 0),
        ('tonette.wenner@epita.fr', 2021, 'DT_RDBMS', 3, '2021-06-07', '14:00:00', '16:00:00', 0),
        ('tonette.wenner@epita.fr', 2021, 'DT_RDBMS', 3, '2021-06-07', '11:00:00', '13:00:00', 1),
        ('tonette.wenner@epita.fr', 2021, 'DT_RDBMS', 3, '2021-06-08', '09:00:00', '11:00:00', 1),
        ('tonette.wenner@epita.fr', 2021, 'DT_RDBMS', 3, '2021-06-08', '11:00:00', '13:00:00', 1),
        ('tonette.wenner@epita.fr', 2021, 'DT_RDBMS', 3, '2021-06-14', '11:00:00', '13:00:00', 0),
        ('tonette.wenner@epita.fr', 2021, 'DT_RDBMS', 3, '2021-06-14', '14:00:00', '16:00:00', 1),
        ('tonette.wenner@epita.fr', 2021, 'DT_RDBMS', 3, '2021-06-14', '16:00:00', '18:00:00', 1),
        ('tonette.wenner@epita.fr', 2021, 'DT_RDBMS', 3, '2021-06-15', '11:00:00', '13:00:00', 0),
        ('tonette.wenner@epita.fr', 2021, 'DT_RDBMS', 3, '2021-06-21', '11:00:00', '13:00:00', 1),
        ('tonette.wenner@epita.fr', 2021, 'PG_PYTHON', 2, '2021-03-05', '16:00:00', '19:00:00', 1),
        ('tonette.wenner@epita.fr', 2021, 'PG_PYTHON', 2, '2021-03-16', '09:00:00', '12:00:00', 0),
        ('tonette.wenner@epita.fr', 2021, 'PG_PYTHON', 2, '2021-03-16', '10:00:00', '13:00:00', 1),
        ('tonette.wenner@epita.fr', 2021, 'PG_PYTHON', 2, '2021-03-22', '13:00:00', '16:00:00', 0),
        ('tonette.wenner@epita.fr', 2021, 'PG_PYTHON', 2, '2021-03-23', '08:00:00', '11:00:00', 1),
        ('tonette.wenner@epita.fr', 2021, 'PG_PYTHON', 2, '2021-03-23', '10:00:00', '13:00:00', 0),
        ('tonette.wenner@epita.fr', 2021, 'PG_PYTHON', 2, '2021-03-29', '13:00:00', '16:00:00', 1),
        ('tonette.wenner@epita.fr', 2021, 'PG_PYTHON', 2, '2021-03-29', '10:00:00', '13:00:00', 1),
        ('tonette.wenner@epita.fr', 2021, 'PG_PYTHON', 2, '2021-07-23', '10:00:00', '12:00:00', 1),
        ('tonette.wenner@epita.fr', 2021, 'PG_PYTHON', 2, '2021-07-26', '10:00:00', '12:30:00', 1),
        ('tonette.wenner@epita.fr', 2021, 'PG_PYTHON', 2, '2021-07-27', '10:00:00', '12:30:00', 1),
        ('tonette.wenner@epita.fr', 2021, 'PG_PYTHON', 2, '2021-08-02', '09:00:00', '13:00:00', 0),
        ('tonette.wenner@epita.fr', 2021, 'PG_PYTHON', 2, '2021-09-06', '14:00:00', '16:00:00', 1),
        ('tonette.wenner@epita.fr', 2021, 'PG_PYTHON', 2, '2021-09-07', '14:00:00', '16:00:00', 1),
        ('tonette.wenner@epita.fr', 2021, 'PG_PYTHON', 2, '2021-09-13', '09:00:00', '13:00:00', 1),
        ('donette.foller@epita.fr', 2020, 'CS_SOFTWARE_SECURITY', 1, '2021-01-25', '10:00:00', '13:00:00', 0),
        ('donette.foller@epita.fr', 2020, 'CS_SOFTWARE_SECURITY', 1, '2021-02-01', '10:00:00', '13:00:00', 1),
        ('donette.foller@epita.fr', 2020, 'CS_SOFTWARE_SECURITY', 1, '2021-02-08', '10:00:00', '13:00:00', 1),
        ('donette.foller@epita.fr', 2020, 'CS_SOFTWARE_SECURITY', 1, '2021-01-04', '10:00:00', '13:00:00', 0),
        ('donette.foller@epita.fr', 2020, 'CS_SOFTWARE_SECURITY', 1, '2021-01-11', '10:00:00', '13:00:00', 0),
        ('donette.foller@epita.fr', 2020, 'CS_SOFTWARE_SECURITY', 1, '2021-01-18', '10:00:00', '13:00:00', 0),
        ('donette.foller@epita.fr', 2020, 'DT_RDBMS', 3, '2021-01-04', '09:00:00', '11:00:00', 1),
        ('donette.foller@epita.fr', 2020, 'DT_RDBMS', 3, '2021-01-11', '09:00:00', '11:00:00', 1),
        ('donette.foller@epita.fr', 2020, 'DT_RDBMS', 3, '2021-01-18', '09:00:00', '11:00:00', 1),
        ('donette.foller@epita.fr', 2020, 'DT_RDBMS', 3, '2021-01-25', '09:00:00', '11:00:00', 1),
        ('donette.foller@epita.fr', 2020, 'DT_RDBMS', 3, '2021-02-01', '09:00:00', '11:00:00', 1),
        ('donette.foller@epita.fr', 2020, 'DT_RDBMS', 3, '2021-02-08', '09:00:00', '11:00:00', 1),
        ('donette.foller@epita.fr', 2020, 'DT_RDBMS', 3, '2021-01-04', '11:00:00', '13:00:00', 0),
        ('donette.foller@epita.fr', 2020, 'DT_RDBMS', 3, '2021-01-11', '11:00:00', '13:00:00', 0),
        ('donette.foller@epita.fr', 2020, 'DT_RDBMS', 3, '2021-01-18', '11:00:00', '13:00:00', 1),
        ('donette.foller@epita.fr', 2020, 'PG_PYTHON', 2, '2020-09-28', '08:00:00', '12:00:00', 0),
        ('tyra.shields@epita.fr', 2021, 'CS_DATA_PRIV', 1, '2021-04-13', '14:00:00', '18:00:00', 0),
        ('tyra.shields@epita.fr', 2021, 'CS_DATA_PRIV', 1, '2021-04-19', '14:00:00', '18:00:00', 0),
        ('tyra.shields@epita.fr', 2021, 'CS_DATA_PRIV', 1, '2021-04-19', '16:00:00', '19:00:00', 1),
        ('tyra.shields@epita.fr', 2021, 'CS_DATA_PRIV', 1, '2021-03-04', '10:00:00', '13:00:00', 1),
        ('tyra.shields@epita.fr', 2021, 'CS_DATA_PRIV', 1, '2021-03-05', '10:00:00', '12:00:00', 1),
        ('tyra.shields@epita.fr', 2021, 'CS_DATA_PRIV', 1, '2021-03-16', '10:00:00', '12:00:00', 1),
        ('tyra.shields@epita.fr', 2021, 'CS_SOFTWARE_SECURITY', 1, '2021-06-21', '16:00:00', '18:00:00', 1),
        ('tyra.shields@epita.fr', 2021, 'CS_SOFTWARE_SECURITY', 1, '2021-06-21', '14:00:00', '16:00:00', 0),
        ('tyra.shields@epita.fr', 2021, 'CS_SOFTWARE_SECURITY', 1, '2021-06-28', '10:00:00', '12:00:00', 0),
        ('tyra.shields@epita.fr', 2021, 'CS_SOFTWARE_SECURITY', 1, '2021-06-28', '13:00:00', '16:00:00', 0),
        ('tyra.shields@epita.fr', 2021, 'CS_SOFTWARE_SECURITY', 1, '2021-07-05', '10:00:00', '12:00:00', 0),
        ('tyra.shields@epita.fr', 2021, 'CS_SOFTWARE_SECURITY', 1, '2021-07-05', '13:00:00', '16:00:00', 1),
        ('tyra.shields@epita.fr', 2021, 'DT_RDBMS', 3, '2021-06-07', '14:00:00', '16:00:00', 1),
        ('tyra.shields@epita.fr', 2021, 'DT_RDBMS', 3, '2021-06-07', '11:00:00', '13:00:00', 1),
        ('tyra.shields@epita.fr', 2021, 'DT_RDBMS', 3, '2021-06-08', '09:00:00', '11:00:00', 1),
        ('tyra.shields@epita.fr', 2021, 'DT_RDBMS', 3, '2021-06-08', '11:00:00', '13:00:00', 1),
        ('tyra.shields@epita.fr', 2021, 'DT_RDBMS', 3, '2021-06-14', '11:00:00', '13:00:00', 1),
        ('tyra.shields@epita.fr', 2021, 'DT_RDBMS', 3, '2021-06-14', '14:00:00', '16:00:00', 0),
        ('tyra.shields@epita.fr', 2021, 'DT_RDBMS', 3, '2021-06-14', '16:00:00', '18:00:00', 1),
        ('tyra.shields@epita.fr', 2021, 'DT_RDBMS', 3, '2021-06-15', '11:00:00', '13:00:00', 1),
        ('tyra.shields@epita.fr', 2021, 'DT_RDBMS', 3, '2021-06-21', '11:00:00', '13:00:00', 1),
        ('tyra.shields@epita.fr', 2021, 'PG_PYTHON', 2, '2021-03-05', '16:00:00', '19:00:00', 1),
        ('tyra.shields@epita.fr', 2021, 'PG_PYTHON', 2, '2021-03-16', '09:00:00', '12:00:00', 0),
        ('tyra.shields@epita.fr', 2021, 'PG_PYTHON', 2, '2021-03-16', '10:00:00', '13:00:00', 1),
        ('tyra.shields@epita.fr', 2021, 'PG_PYTHON', 2, '2021-03-22', '13:00:00', '16:00:00', 1),
        ('tyra.shields@epita.fr', 2021, 'PG_PYTHON', 2, '2021-03-23', '08:00:00', '11:00:00', 1),
        ('tyra.shields@epita.fr', 2021, 'PG_PYTHON', 2, '2021-03-23', '10:00:00', '13:00:00', 0),
        ('tyra.shields@epita.fr', 2021, 'PG_PYTHON', 2, '2021-03-29', '13:00:00', '16:00:00', 1),
        ('tyra.shields@epita.fr', 2021, 'PG_PYTHON', 2, '2021-03-29', '10:00:00', '13:00:00', 0),
        ('tyra.shields@epita.fr', 2021, 'PG_PYTHON', 2, '2021-07-23', '10:00:00', '12:00:00', 0),
        ('tyra.shields@epita.fr', 2021, 'PG_PYTHON', 2, '2021-07-26', '10:00:00', '12:30:00', 1),
        ('tyra.shields@epita.fr', 2021, 'PG_PYTHON', 2, '2021-07-27', '10:00:00', '12:30:00', 1),
        ('tyra.shields@epita.fr', 2021, 'PG_PYTHON', 2, '2021-08-02', '09:00:00', '13:00:00', 1),
        ('tyra.shields@epita.fr', 2021, 'PG_PYTHON', 2, '2021-09-06', '14:00:00', '16:00:00', 0),
        ('tyra.shields@epita.fr', 2021, 'PG_PYTHON', 2, '2021-09-07', '14:00:00', '16:00:00', 1),
        ('tyra.shields@epita.fr', 2021, 'PG_PYTHON', 2, '2021-09-13', '09:00:00', '13:00:00', 1),
        ('danica.bruschke@epita.fr', 2021, 'AI_DATA_SCIENCE_IN_PROD', 1, '2021-04-06', '10:00:00', '13:00:00', 1),
        ('danica.bruschke@epita.fr', 2021, 'AI_DATA_SCIENCE_IN_PROD', 1, '2021-05-07', '13:00:00', '18:00:00', 1),
        ('danica.bruschke@epita.fr', 2021, 'AI_DATA_SCIENCE_IN_PROD', 1, '2021-04-12', '08:00:00', '12:00:00', 1),
        ('danica.bruschke@epita.fr', 2021, 'AI_DATA_SCIENCE_IN_PROD', 1, '2021-04-13', '08:00:00', '12:00:00', 0),
        ('danica.bruschke@epita.fr', 2021, 'AI_DATA_SCIENCE_IN_PROD', 1, '2021-04-13', '08:00:00', '13:00:00', 0),
        ('danica.bruschke@epita.fr', 2021, 'DT_RDBMS', 3, '2021-06-07', '14:00:00', '16:00:00', 1),
        ('danica.bruschke@epita.fr', 2021, 'DT_RDBMS', 3, '2021-06-07', '11:00:00', '13:00:00', 1),
        ('danica.bruschke@epita.fr', 2021, 'DT_RDBMS', 3, '2021-06-08', '09:00:00', '11:00:00', 1),
        ('danica.bruschke@epita.fr', 2021, 'DT_RDBMS', 3, '2021-06-08', '11:00:00', '13:00:00', 1),
        ('danica.bruschke@epita.fr', 2021, 'DT_RDBMS', 3, '2021-06-14', '11:00:00', '13:00:00', 1),
        ('danica.bruschke@epita.fr', 2021, 'DT_RDBMS', 3, '2021-06-14', '14:00:00', '16:00:00', 1),
        ('danica.bruschke@epita.fr', 2021, 'DT_RDBMS', 3, '2021-06-14', '16:00:00', '18:00:00', 1),
        ('danica.bruschke@epita.fr', 2021, 'DT_RDBMS', 3, '2021-06-15', '11:00:00', '13:00:00', 1),
        ('danica.bruschke@epita.fr', 2021, 'DT_RDBMS', 3, '2021-06-21', '11:00:00', '13:00:00', 1),
        ('danica.bruschke@epita.fr', 2021, 'PG_PYTHON', 2, '2021-03-05', '16:00:00', '19:00:00', 1),
        ('danica.bruschke@epita.fr', 2021, 'PG_PYTHON', 2, '2021-03-16', '09:00:00', '12:00:00', 1),
        ('danica.bruschke@epita.fr', 2021, 'PG_PYTHON', 2, '2021-03-16', '10:00:00', '13:00:00', 0),
        ('danica.bruschke@epita.fr', 2021, 'PG_PYTHON', 2, '2021-03-22', '13:00:00', '16:00:00', 1),
        ('danica.bruschke@epita.fr', 2021, 'PG_PYTHON', 2, '2021-03-23', '08:00:00', '11:00:00', 1),
        ('danica.bruschke@epita.fr', 2021, 'PG_PYTHON', 2, '2021-03-23', '10:00:00', '13:00:00', 1),
        ('danica.bruschke@epita.fr', 2021, 'PG_PYTHON', 2, '2021-03-29', '13:00:00', '16:00:00', 0),
        ('danica.bruschke@epita.fr', 2021, 'PG_PYTHON', 2, '2021-03-29', '10:00:00', '13:00:00', 1),
        ('danica.bruschke@epita.fr', 2021, 'PG_PYTHON', 2, '2021-07-23', '10:00:00', '12:00:00', 1),
        ('danica.bruschke@epita.fr', 2021, 'PG_PYTHON', 2, '2021-07-26', '10:00:00', '12:30:00', 0),
        ('danica.bruschke@epita.fr', 2021, 'PG_PYTHON', 2, '2021-07-27', '10:00:00', '12:30:00', 1),
        ('danica.bruschke@epita.fr', 2021, 'PG_PYTHON', 2, '2021-08-02', '09:00:00', '13:00:00', 0),
        ('danica.bruschke@epita.fr', 2021, 'PG_PYTHON', 2, '2021-09-06', '14:00:00', '16:00:00', 1),
        ('danica.bruschke@epita.fr', 2021, 'PG_PYTHON', 2, '2021-09-07', '14:00:00', '16:00:00', 1),
        ('danica.bruschke@epita.fr', 2021, 'PG_PYTHON', 2, '2021-09-13', '09:00:00', '13:00:00', 0),
        ('kallie.blackwood@epita.fr', 2021, 'SE_ADV_DB', 2, '2021-05-04', '11:00:00', '13:00:00', 1),
        ('kallie.blackwood@epita.fr', 2021, 'SE_ADV_DB', 2, '2021-05-04', '16:00:00', '18:00:00', 1),
        ('kallie.blackwood@epita.fr', 2021, 'SE_ADV_DB', 2, '2021-05-10', '15:00:00', '17:00:00', 1),
        ('kallie.blackwood@epita.fr', 2021, 'SE_ADV_DB', 2, '2021-05-10', '11:00:00', '13:00:00', 1),
        ('kallie.blackwood@epita.fr', 2021, 'SE_ADV_DB', 2, '2021-05-10', '13:00:00', '15:00:00', 1),
        ('kallie.blackwood@epita.fr', 2021, 'SE_ADV_DB', 2, '2021-05-11', '09:00:00', '11:00:00', 1),
        ('kallie.blackwood@epita.fr', 2021, 'SE_ADV_DB', 2, '2021-05-11', '11:00:00', '13:00:00', 1),
        ('kallie.blackwood@epita.fr', 2021, 'SE_ADV_DB', 2, '2021-05-11', '14:00:00', '18:00:00', 0),
        ('kallie.blackwood@epita.fr', 2021, 'SE_ADV_DB', 2, '2021-05-17', '10:00:00', '12:00:00', 0),
        ('kallie.blackwood@epita.fr', 2021, 'SE_ADV_DB', 2, '2021-05-17', '13:00:00', '15:00:00', 1),
        ('kallie.blackwood@epita.fr', 2021, 'SE_ADV_JAVA', 2, '2021-05-07', '09:00:00', '13:00:00', 1),
        ('kallie.blackwood@epita.fr', 2021, 'SE_ADV_JAVA', 2, '2021-04-19', '09:00:00', '11:00:00', 1),
        ('kallie.blackwood@epita.fr', 2021, 'SE_ADV_JAVA', 2, '2021-04-19', '11:00:00', '13:00:00', 1),
        ('kallie.blackwood@epita.fr', 2021, 'SE_ADV_JAVA', 2, '2021-04-26', '14:00:00', '16:00:00', 1),
        ('kallie.blackwood@epita.fr', 2021, 'SE_ADV_JAVA', 2, '2021-04-26', '09:00:00', '11:00:00', 0),
        ('kallie.blackwood@epita.fr', 2021, 'SE_ADV_JS', 3, '2021-05-17', '15:00:00', '17:00:00', 1),
        ('kallie.blackwood@epita.fr', 2021, 'SE_ADV_JS', 3, '2021-05-18', '09:00:00', '11:00:00', 1),
        ('kallie.blackwood@epita.fr', 2021, 'SE_ADV_JS', 3, '2021-05-18', '11:00:00', '13:00:00', 1),
        ('kallie.blackwood@epita.fr', 2021, 'SE_ADV_JS', 3, '2021-05-25', '09:00:00', '13:00:00', 1),
        ('kallie.blackwood@epita.fr', 2021, 'SE_ADV_JS', 3, '2021-05-28', '09:00:00', '11:00:00', 1),
        ('kallie.blackwood@epita.fr', 2021, 'SE_ADV_JS', 3, '2021-05-28', '11:00:00', '13:00:00', 1),
        ('kallie.blackwood@epita.fr', 2021, 'SE_ADV_JS', 3, '2021-05-28', '14:00:00', '16:00:00', 1),
        ('kallie.blackwood@epita.fr', 2021, 'SE_ADV_JS', 3, '2021-05-31', '10:00:00', '12:00:00', 1),
        ('kallie.blackwood@epita.fr', 2021, 'SE_ADV_JS', 3, '2021-06-01', '09:00:00', '11:00:00', 0),
        ('kallie.blackwood@epita.fr', 2021, 'SE_ADV_JS', 3, '2021-06-01', '11:00:00', '13:00:00', 0),
        ('kallie.blackwood@epita.fr', 2021, 'DT_RDBMS', 3, '2021-06-07', '14:00:00', '16:00:00', 1),
        ('kallie.blackwood@epita.fr', 2021, 'DT_RDBMS', 3, '2021-06-07', '11:00:00', '13:00:00', 1),
        ('kallie.blackwood@epita.fr', 2021, 'DT_RDBMS', 3, '2021-06-08', '09:00:00', '11:00:00', 1),
        ('kallie.blackwood@epita.fr', 2021, 'DT_RDBMS', 3, '2021-06-08', '11:00:00', '13:00:00', 0),
        ('kallie.blackwood@epita.fr', 2021, 'DT_RDBMS', 3, '2021-06-14', '11:00:00', '13:00:00', 1),
        ('kallie.blackwood@epita.fr', 2021, 'DT_RDBMS', 3, '2021-06-14', '14:00:00', '16:00:00', 1),
        ('kallie.blackwood@epita.fr', 2021, 'DT_RDBMS', 3, '2021-06-14', '16:00:00', '18:00:00', 1),
        ('kallie.blackwood@epita.fr', 2021, 'DT_RDBMS', 3, '2021-06-15', '11:00:00', '13:00:00', 0),
        ('kallie.blackwood@epita.fr', 2021, 'DT_RDBMS', 3, '2021-06-21', '11:00:00', '13:00:00', 0),
        ('kallie.blackwood@epita.fr', 2021, 'PG_PYTHON', 2, '2021-03-05', '16:00:00', '19:00:00', 1),
        ('kallie.blackwood@epita.fr', 2021, 'PG_PYTHON', 2, '2021-03-16', '09:00:00', '12:00:00', 1),
        ('kallie.blackwood@epita.fr', 2021, 'PG_PYTHON', 2, '2021-03-16', '10:00:00', '13:00:00', 1),
        ('kallie.blackwood@epita.fr', 2021, 'PG_PYTHON', 2, '2021-03-22', '13:00:00', '16:00:00', 1),
        ('kallie.blackwood@epita.fr', 2021, 'PG_PYTHON', 2, '2021-03-23', '08:00:00', '11:00:00', 0),
        ('kallie.blackwood@epita.fr', 2021, 'PG_PYTHON', 2, '2021-03-23', '10:00:00', '13:00:00', 1),
        ('kallie.blackwood@epita.fr', 2021, 'PG_PYTHON', 2, '2021-03-29', '13:00:00', '16:00:00', 0),
        ('kallie.blackwood@epita.fr', 2021, 'PG_PYTHON', 2, '2021-03-29', '10:00:00', '13:00:00', 1),
        ('kallie.blackwood@epita.fr', 2021, 'PG_PYTHON', 2, '2021-07-23', '10:00:00', '12:00:00', 1),
        ('kallie.blackwood@epita.fr', 2021, 'PG_PYTHON', 2, '2021-07-26', '10:00:00', '12:30:00', 0),
        ('kallie.blackwood@epita.fr', 2021, 'PG_PYTHON', 2, '2021-07-27', '10:00:00', '12:30:00', 1),
        ('kallie.blackwood@epita.fr', 2021, 'PG_PYTHON', 2, '2021-08-02', '09:00:00', '13:00:00', 0),
        ('kallie.blackwood@epita.fr', 2021, 'PG_PYTHON', 2, '2021-09-06', '14:00:00', '16:00:00', 1),
        ('kallie.blackwood@epita.fr', 2021, 'PG_PYTHON', 2, '2021-09-07', '14:00:00', '16:00:00', 1),
        ('kallie.blackwood@epita.fr', 2021, 'PG_PYTHON', 2, '2021-09-13', '09:00:00', '13:00:00', 0);